0, 0, 6.45406e-08, +51.0°C, 2, Tue Feb  5 16:26:27 2019
100, 3.658, 27.3373, +51.0°C, 2, Tue Feb  5 16:26:31 2019
200, 7.297, 27.4801, +50.0°C, 2, Tue Feb  5 16:26:34 2019
300, 10.832, 28.2965, +50.0°C, 2, Tue Feb  5 16:26:38 2019
400, 14.4, 28.0269, +50.0°C, 2, Tue Feb  5 16:26:41 2019
500, 17.925, 28.3768, +50.0°C, 2, Tue Feb  5 16:26:45 2019
600, 21.487, 28.0741, +50.0°C, 2, Tue Feb  5 16:26:49 2019
700, 25.017, 28.3366, +50.0°C, 2, Tue Feb  5 16:26:52 2019
800, 28.524, 28.5144, +50.0°C, 2, Tue Feb  5 16:26:56 2019
900, 32.023, 28.5796, +49.0°C, 2, Tue Feb  5 16:26:59 2019
1000, 35.536, 28.4738, +51.0°C, 2, Tue Feb  5 16:27:03 2019
1100, 39.043, 28.5144, +50.0°C, 2, Tue Feb  5 16:27:06 2019
1200, 42.561, 28.4333, +50.0°C, 2, Tue Feb  5 16:27:10 2019
1300, 46.073, 28.4738, +50.0°C, 2, Tue Feb  5 16:27:13 2019
1400, 49.596, 28.393, +50.0°C, 2, Tue Feb  5 16:27:17 2019
1500, 53.12, 28.3849, +50.0°C, 2, Tue Feb  5 16:27:20 2019
1600, 56.644, 28.3768, +50.0°C, 2, Tue Feb  5 16:27:24 2019
1700, 60.157, 28.4738, +50.0°C, 2, Tue Feb  5 16:27:27 2019
1800, 63.672, 28.4495, +51.0°C, 2, Tue Feb  5 16:27:31 2019
1900, 67.191, 28.4252, +52.0°C, 2, Tue Feb  5 16:27:34 2019
2000, 70.742, 28.1611, +50.0°C, 2, Tue Feb  5 16:27:38 2019
2100, 74.259, 28.4414, +50.0°C, 2, Tue Feb  5 16:27:41 2019
2200, 77.795, 28.2805, +51.0°C, 2, Tue Feb  5 16:27:45 2019
2300, 81.326, 28.3286, +51.0°C, 2, Tue Feb  5 16:27:48 2019
2400, 84.858, 28.3126, +51.0°C, 2, Tue Feb  5 16:27:52 2019
2500, 88.361, 28.5551, +51.0°C, 2, Tue Feb  5 16:27:55 2019
2600, 91.899, 28.2725, +51.0°C, 2, Tue Feb  5 16:27:59 2019
2700, 95.432, 28.3126, +51.0°C, 2, Tue Feb  5 16:28:03 2019
2800, 98.942, 28.49, +51.0°C, 2, Tue Feb  5 16:28:06 2019
2900, 102.459, 28.4333, +51.0°C, 2, Tue Feb  5 16:28:10 2019
3000, 105.988, 28.3447, +51.0°C, 2, Tue Feb  5 16:28:13 2019
3100, 109.505, 28.4333, +51.0°C, 2, Tue Feb  5 16:28:17 2019
3200, 113.01, 28.5307, +51.0°C, 2, Tue Feb  5 16:28:20 2019
3300, 116.523, 28.4738, +52.0°C, 2, Tue Feb  5 16:28:24 2019
3400, 120.053, 28.3286, +52.0°C, 2, Tue Feb  5 16:28:27 2019
3500, 123.573, 28.4172, +51.0°C, 2, Tue Feb  5 16:28:31 2019
3600, 127.085, 28.4819, +52.0°C, 2, Tue Feb  5 16:28:34 2019
3700, 130.623, 28.2646, +52.0°C, 2, Tue Feb  5 16:28:38 2019
3800, 134.144, 28.4091, +51.0°C, 2, Tue Feb  5 16:28:41 2019
3900, 137.655, 28.4819, +52.0°C, 2, Tue Feb  5 16:28:45 2019
4000, 141.169, 28.4657, +52.0°C, 2, Tue Feb  5 16:28:48 2019
4100, 144.705, 28.2805, +52.0°C, 2, Tue Feb  5 16:28:52 2019
4200, 148.213, 28.5144, +52.0°C, 2, Tue Feb  5 16:28:55 2019
4300, 151.736, 28.3849, +52.0°C, 2, Tue Feb  5 16:28:59 2019
4400, 155.267, 28.3286, +52.0°C, 2, Tue Feb  5 16:29:02 2019
4500, 158.765, 28.5878, +52.0°C, 2, Tue Feb  5 16:29:06 2019
4600, 162.277, 28.4819, +52.0°C, 2, Tue Feb  5 16:29:09 2019
4700, 165.809, 28.3206, +52.0°C, 2, Tue Feb  5 16:29:13 2019
4800, 169.306, 28.5959, +52.0°C, 2, Tue Feb  5 16:29:16 2019
4900, 172.824, 28.4252, +52.0°C, 2, Tue Feb  5 16:29:20 2019
5000, 176.344, 28.4172, +52.0°C, 2, Tue Feb  5 16:29:23 2019
5100, 179.855, 28.4819, +52.0°C, 2, Tue Feb  5 16:29:27 2019
5200, 183.352, 28.5959, +51.0°C, 2, Tue Feb  5 16:29:30 2019
5300, 186.888, 28.2885, +52.0°C, 2, Tue Feb  5 16:29:34 2019
5400, 190.408, 28.4091, +52.0°C, 2, Tue Feb  5 16:29:37 2019
5500, 193.927, 28.4252, +51.0°C, 2, Tue Feb  5 16:29:41 2019
5600, 197.441, 28.4576, +52.0°C, 2, Tue Feb  5 16:29:45 2019
5700, 200.954, 28.4657, +52.0°C, 2, Tue Feb  5 16:29:48 2019
5800, 204.47, 28.4495, +52.0°C, 2, Tue Feb  5 16:29:52 2019
5900, 207.98, 28.49, +54.0°C, 2, Tue Feb  5 16:29:55 2019
6000, 211.475, 28.6205, +51.0°C, 2, Tue Feb  5 16:29:59 2019
6100, 215.01, 28.2885, +52.0°C, 2, Tue Feb  5 16:30:02 2019
6200, 218.521, 28.49, +52.0°C, 2, Tue Feb  5 16:30:06 2019
6300, 222.041, 28.4172, +52.0°C, 2, Tue Feb  5 16:30:09 2019
6400, 225.562, 28.401, +52.0°C, 2, Tue Feb  5 16:30:13 2019
6500, 229.091, 28.3447, +52.0°C, 2, Tue Feb  5 16:30:16 2019
6600, 232.609, 28.4252, +51.0°C, 2, Tue Feb  5 16:30:20 2019
6700, 236.109, 28.5796, +52.0°C, 2, Tue Feb  5 16:30:23 2019
6800, 239.608, 28.5796, +52.0°C, 2, Tue Feb  5 16:30:27 2019
6900, 243.115, 28.5225, +52.0°C, 2, Tue Feb  5 16:30:30 2019
7000, 246.633, 28.4333, +53.0°C, 2, Tue Feb  5 16:30:34 2019
7100, 250.15, 28.4414, +53.0°C, 2, Tue Feb  5 16:30:37 2019
7200, 253.653, 28.547, +52.0°C, 2, Tue Feb  5 16:30:41 2019
7300, 257.177, 28.3849, +53.0°C, 2, Tue Feb  5 16:30:44 2019
7400, 260.687, 28.49, +54.0°C, 2, Tue Feb  5 16:30:48 2019
7500, 264.218, 28.3206, +53.0°C, 2, Tue Feb  5 16:30:51 2019
7600, 267.734, 28.4495, +53.0°C, 2, Tue Feb  5 16:30:55 2019
7700, 271.253, 28.4172, +53.0°C, 2, Tue Feb  5 16:30:58 2019
7800, 274.773, 28.4091, +54.0°C, 2, Tue Feb  5 16:31:02 2019
7900, 278.289, 28.4495, +54.0°C, 2, Tue Feb  5 16:31:05 2019
8000, 281.798, 28.4981, +54.0°C, 2, Tue Feb  5 16:31:09 2019
8100, 285.32, 28.393, +54.0°C, 2, Tue Feb  5 16:31:12 2019
8200, 288.841, 28.4091, +54.0°C, 2, Tue Feb  5 16:31:16 2019
8300, 292.339, 28.5878, +52.0°C, 2, Tue Feb  5 16:31:19 2019
8400, 295.849, 28.4981, +53.0°C, 2, Tue Feb  5 16:31:23 2019
8500, 299.363, 28.4576, +53.0°C, 2, Tue Feb  5 16:31:26 2019
8600, 302.855, 28.6451, +53.0°C, 2, Tue Feb  5 16:31:30 2019
8700, 306.363, 28.5063, +53.0°C, 2, Tue Feb  5 16:31:33 2019
8800, 309.891, 28.3527, +53.0°C, 2, Tue Feb  5 16:31:37 2019
8900, 313.401, 28.4981, +53.0°C, 2, Tue Feb  5 16:31:40 2019
9000, 316.922, 28.4091, +53.0°C, 2, Tue Feb  5 16:31:44 2019
9100, 320.438, 28.4414, +53.0°C, 2, Tue Feb  5 16:31:48 2019
9200, 323.943, 28.5388, +54.0°C, 2, Tue Feb  5 16:31:51 2019
9300, 327.457, 28.4576, +53.0°C, 2, Tue Feb  5 16:31:55 2019
9400, 330.974, 28.4414, +53.0°C, 2, Tue Feb  5 16:31:58 2019
9500, 334.482, 28.5063, +54.0°C, 2, Tue Feb  5 16:32:02 2019
9600, 337.995, 28.4738, +54.0°C, 2, Tue Feb  5 16:32:05 2019
9700, 341.506, 28.49, +53.0°C, 2, Tue Feb  5 16:32:09 2019
9800, 345.006, 28.5714, +54.0°C, 2, Tue Feb  5 16:32:12 2019
9900, 348.508, 28.5633, +53.0°C, 2, Tue Feb  5 16:32:16 2019
10000, 352.007, 28.5878, +54.0°C, 2, Tue Feb  5 16:32:19 2019
10100, 355.509, 28.5551, +53.0°C, 2, Tue Feb  5 16:32:23 2019
10200, 359.014, 28.5388, +54.0°C, 2, Tue Feb  5 16:32:26 2019
10300, 362.534, 28.4091, +53.0°C, 2, Tue Feb  5 16:32:30 2019
10400, 366.068, 28.3046, +53.0°C, 2, Tue Feb  5 16:32:33 2019
10500, 369.571, 28.5551, +54.0°C, 2, Tue Feb  5 16:32:37 2019
10600, 373.076, 28.5388, +54.0°C, 2, Tue Feb  5 16:32:40 2019
10700, 376.602, 28.3688, +53.0°C, 2, Tue Feb  5 16:32:44 2019
10800, 380.116, 28.4576, +53.0°C, 2, Tue Feb  5 16:32:47 2019
10900, 383.645, 28.3447, +54.0°C, 2, Tue Feb  5 16:32:51 2019
11000, 387.145, 28.5714, +54.0°C, 2, Tue Feb  5 16:32:54 2019
11100, 390.656, 28.49, +54.0°C, 2, Tue Feb  5 16:32:58 2019
11200, 394.165, 28.4981, +54.0°C, 2, Tue Feb  5 16:33:01 2019
11300, 397.664, 28.5878, +54.0°C, 2, Tue Feb  5 16:33:05 2019
11400, 401.196, 28.3126, +54.0°C, 2, Tue Feb  5 16:33:08 2019
11500, 404.729, 28.3046, +53.0°C, 2, Tue Feb  5 16:33:12 2019
11600, 408.257, 28.3447, +54.0°C, 2, Tue Feb  5 16:33:15 2019
11700, 411.77, 28.4738, +54.0°C, 2, Tue Feb  5 16:33:19 2019
11800, 415.295, 28.3768, +54.0°C, 2, Tue Feb  5 16:33:22 2019
11900, 418.81, 28.4495, +54.0°C, 2, Tue Feb  5 16:33:26 2019
12000, 422.317, 28.5225, +54.0°C, 2, Tue Feb  5 16:33:29 2019
12100, 425.839, 28.393, +54.0°C, 2, Tue Feb  5 16:33:33 2019
12200, 429.356, 28.4414, +55.0°C, 2, Tue Feb  5 16:33:36 2019
12300, 432.847, 28.6451, +54.0°C, 2, Tue Feb  5 16:33:40 2019
12400, 436.375, 28.3447, +54.0°C, 2, Tue Feb  5 16:33:43 2019
12500, 439.889, 28.4657, +54.0°C, 2, Tue Feb  5 16:33:47 2019
12600, 443.405, 28.4414, +54.0°C, 2, Tue Feb  5 16:33:50 2019
12700, 446.918, 28.4738, +54.0°C, 2, Tue Feb  5 16:33:54 2019
12800, 450.426, 28.5063, +54.0°C, 2, Tue Feb  5 16:33:58 2019
12900, 453.958, 28.3126, +54.0°C, 2, Tue Feb  5 16:34:01 2019
13000, 457.489, 28.3286, +54.0°C, 2, Tue Feb  5 16:34:05 2019
13100, 461.006, 28.4414, +54.0°C, 2, Tue Feb  5 16:34:08 2019
13200, 464.524, 28.4252, +55.0°C, 2, Tue Feb  5 16:34:12 2019
13300, 468.052, 28.3527, +54.0°C, 2, Tue Feb  5 16:34:15 2019
13400, 471.558, 28.5307, +54.0°C, 2, Tue Feb  5 16:34:19 2019
13500, 475.083, 28.3768, +54.0°C, 2, Tue Feb  5 16:34:22 2019
13600, 478.6, 28.4414, +54.0°C, 2, Tue Feb  5 16:34:26 2019
13700, 482.121, 28.401, +54.0°C, 2, Tue Feb  5 16:34:29 2019
13800, 485.628, 28.5225, +54.0°C, 2, Tue Feb  5 16:34:33 2019
13900, 489.151, 28.3849, +54.0°C, 2, Tue Feb  5 16:34:36 2019
14000, 492.679, 28.3527, +54.0°C, 2, Tue Feb  5 16:34:40 2019
14100, 496.184, 28.5307, +54.0°C, 2, Tue Feb  5 16:34:43 2019
14200, 499.687, 28.5551, +54.0°C, 2, Tue Feb  5 16:34:47 2019
14300, 503.192, 28.5388, +55.0°C, 2, Tue Feb  5 16:34:50 2019
14400, 506.726, 28.2965, +55.0°C, 2, Tue Feb  5 16:34:54 2019
14500, 510.224, 28.5959, +54.0°C, 2, Tue Feb  5 16:34:57 2019
14600, 513.725, 28.5714, +55.0°C, 2, Tue Feb  5 16:35:01 2019
14700, 517.216, 28.6451, +55.0°C, 2, Tue Feb  5 16:35:04 2019
14800, 520.736, 28.4172, +54.0°C, 2, Tue Feb  5 16:35:08 2019
14900, 524.25, 28.4576, +54.0°C, 2, Tue Feb  5 16:35:11 2019
15000, 527.772, 28.401, +55.0°C, 2, Tue Feb  5 16:35:15 2019
15100, 531.294, 28.401, +55.0°C, 2, Tue Feb  5 16:35:18 2019
15200, 534.821, 28.3527, +55.0°C, 2, Tue Feb  5 16:35:22 2019
15300, 538.344, 28.393, +55.0°C, 2, Tue Feb  5 16:35:25 2019
15400, 541.855, 28.4819, +55.0°C, 2, Tue Feb  5 16:35:29 2019
15500, 545.38, 28.3768, +54.0°C, 2, Tue Feb  5 16:35:32 2019
15600, 548.906, 28.3607, +55.0°C, 2, Tue Feb  5 16:35:36 2019
15700, 552.415, 28.4981, +55.0°C, 2, Tue Feb  5 16:35:39 2019
15800, 555.947, 28.3206, +56.0°C, 2, Tue Feb  5 16:35:43 2019
15900, 559.469, 28.393, +56.0°C, 2, Tue Feb  5 16:35:47 2019
16000, 562.978, 28.5063, +56.0°C, 2, Tue Feb  5 16:35:50 2019
16100, 566.474, 28.6123, +55.0°C, 2, Tue Feb  5 16:35:54 2019
16200, 570.007, 28.3046, +56.0°C, 2, Tue Feb  5 16:35:57 2019
16300, 573.509, 28.5551, +56.0°C, 2, Tue Feb  5 16:36:01 2019
16400, 577.012, 28.5551, +56.0°C, 2, Tue Feb  5 16:36:04 2019
16500, 580.536, 28.3768, +56.0°C, 2, Tue Feb  5 16:36:08 2019
16600, 584.034, 28.5959, +55.0°C, 2, Tue Feb  5 16:36:11 2019
16700, 587.536, 28.5551, +55.0°C, 2, Tue Feb  5 16:36:15 2019
16800, 591.04, 28.5388, +56.0°C, 2, Tue Feb  5 16:36:18 2019
16900, 594.568, 28.3527, +56.0°C, 2, Tue Feb  5 16:36:22 2019
17000, 598.065, 28.5959, +56.0°C, 2, Tue Feb  5 16:36:25 2019
17100, 601.6, 28.2965, +56.0°C, 2, Tue Feb  5 16:36:29 2019
17200, 605.132, 28.3206, +56.0°C, 2, Tue Feb  5 16:36:32 2019
17300, 608.641, 28.4981, +56.0°C, 2, Tue Feb  5 16:36:36 2019
17400, 612.163, 28.401, +56.0°C, 2, Tue Feb  5 16:36:39 2019
17500, 615.679, 28.4495, +56.0°C, 2, Tue Feb  5 16:36:43 2019
17600, 619.181, 28.5551, +56.0°C, 2, Tue Feb  5 16:36:46 2019
17700, 622.698, 28.4414, +56.0°C, 2, Tue Feb  5 16:36:50 2019
17800, 626.224, 28.3607, +56.0°C, 2, Tue Feb  5 16:36:53 2019
17900, 629.733, 28.5063, +56.0°C, 2, Tue Feb  5 16:36:57 2019
18000, 633.231, 28.5878, +56.0°C, 2, Tue Feb  5 16:37:00 2019
18100, 636.734, 28.5551, +56.0°C, 2, Tue Feb  5 16:37:04 2019
18200, 640.26, 28.3607, +56.0°C, 2, Tue Feb  5 16:37:07 2019
18300, 643.772, 28.4819, +56.0°C, 2, Tue Feb  5 16:37:11 2019
18400, 647.287, 28.4576, +56.0°C, 2, Tue Feb  5 16:37:14 2019
18500, 650.81, 28.3849, +56.0°C, 2, Tue Feb  5 16:37:18 2019
18600, 654.327, 28.4414, +56.0°C, 2, Tue Feb  5 16:37:21 2019
18700, 657.851, 28.3768, +56.0°C, 2, Tue Feb  5 16:37:25 2019
18800, 661.353, 28.5633, +56.0°C, 2, Tue Feb  5 16:37:28 2019
18900, 664.878, 28.3768, +56.0°C, 2, Tue Feb  5 16:37:32 2019
19000, 668.37, 28.6369, +56.0°C, 2, Tue Feb  5 16:37:35 2019
19100, 671.882, 28.4819, +56.0°C, 2, Tue Feb  5 16:37:39 2019
19200, 675.387, 28.5388, +56.0°C, 2, Tue Feb  5 16:37:42 2019
19300, 678.928, 28.2406, +57.0°C, 2, Tue Feb  5 16:37:46 2019
19400, 682.442, 28.4576, +57.0°C, 2, Tue Feb  5 16:37:50 2019
19500, 685.97, 28.3607, +57.0°C, 2, Tue Feb  5 16:37:53 2019
19600, 689.467, 28.5959, +56.0°C, 2, Tue Feb  5 16:37:57 2019
19700, 692.978, 28.4819, +57.0°C, 2, Tue Feb  5 16:38:00 2019
19800, 696.484, 28.5307, +58.0°C, 2, Tue Feb  5 16:38:04 2019
19900, 700.003, 28.4172, +56.0°C, 2, Tue Feb  5 16:38:07 2019
20000, 703.517, 28.4576, +57.0°C, 2, Tue Feb  5 16:38:11 2019
20100, 707.031, 28.4657, +57.0°C, 2, Tue Feb  5 16:38:14 2019
20200, 710.56, 28.3366, +57.0°C, 2, Tue Feb  5 16:38:18 2019
20300, 714.076, 28.4495, +57.0°C, 2, Tue Feb  5 16:38:21 2019
20400, 717.591, 28.4495, +57.0°C, 2, Tue Feb  5 16:38:25 2019
20500, 721.092, 28.5714, +57.0°C, 2, Tue Feb  5 16:38:28 2019
20600, 724.61, 28.4333, +56.0°C, 2, Tue Feb  5 16:38:32 2019
20700, 728.105, 28.6205, +57.0°C, 2, Tue Feb  5 16:38:35 2019
20800, 731.625, 28.4091, +57.0°C, 2, Tue Feb  5 16:38:39 2019
20900, 735.144, 28.4172, +57.0°C, 2, Tue Feb  5 16:38:42 2019
21000, 738.653, 28.5063, +57.0°C, 2, Tue Feb  5 16:38:46 2019
21100, 742.169, 28.4495, +57.0°C, 2, Tue Feb  5 16:38:49 2019
21200, 745.665, 28.6041, +57.0°C, 2, Tue Feb  5 16:38:53 2019
21300, 749.171, 28.5225, +57.0°C, 2, Tue Feb  5 16:38:56 2019
21400, 752.684, 28.4657, +57.0°C, 2, Tue Feb  5 16:39:00 2019
21500, 756.209, 28.3768, +58.0°C, 2, Tue Feb  5 16:39:03 2019
21600, 759.732, 28.393, +57.0°C, 2, Tue Feb  5 16:39:07 2019
21700, 763.235, 28.5551, +57.0°C, 2, Tue Feb  5 16:39:10 2019
21800, 766.744, 28.5063, +58.0°C, 2, Tue Feb  5 16:39:14 2019
21900, 770.255, 28.49, +58.0°C, 2, Tue Feb  5 16:39:17 2019
22000, 773.758, 28.547, +58.0°C, 2, Tue Feb  5 16:39:21 2019
22100, 777.279, 28.4091, +57.0°C, 2, Tue Feb  5 16:39:24 2019
22200, 780.811, 28.3206, +58.0°C, 2, Tue Feb  5 16:39:28 2019
22300, 784.31, 28.5796, +58.0°C, 2, Tue Feb  5 16:39:31 2019
22400, 787.824, 28.4576, +58.0°C, 2, Tue Feb  5 16:39:35 2019
22500, 791.348, 28.3849, +58.0°C, 2, Tue Feb  5 16:39:38 2019
22600, 794.851, 28.547, +58.0°C, 2, Tue Feb  5 16:39:42 2019
22700, 798.369, 28.4333, +57.0°C, 2, Tue Feb  5 16:39:45 2019
22800, 801.891, 28.393, +57.0°C, 2, Tue Feb  5 16:39:49 2019
22900, 805.395, 28.547, +57.0°C, 2, Tue Feb  5 16:39:52 2019
23000, 808.9, 28.5388, +58.0°C, 2, Tue Feb  5 16:39:56 2019
23100, 812.39, 28.6533, +58.0°C, 2, Tue Feb  5 16:39:59 2019
23200, 815.903, 28.4657, +58.0°C, 2, Tue Feb  5 16:40:03 2019
23300, 819.423, 28.4172, +58.0°C, 2, Tue Feb  5 16:40:07 2019
23400, 822.964, 28.2406, +58.0°C, 2, Tue Feb  5 16:40:10 2019
23500, 826.485, 28.4091, +57.0°C, 2, Tue Feb  5 16:40:14 2019
23600, 829.994, 28.5063, +58.0°C, 2, Tue Feb  5 16:40:17 2019
23700, 833.525, 28.3286, +58.0°C, 2, Tue Feb  5 16:40:21 2019
23800, 837.035, 28.49, +58.0°C, 2, Tue Feb  5 16:40:24 2019
23900, 840.539, 28.5388, +58.0°C, 2, Tue Feb  5 16:40:28 2019
24000, 844.055, 28.4495, +58.0°C, 2, Tue Feb  5 16:40:31 2019
24100, 847.561, 28.5225, +58.0°C, 2, Tue Feb  5 16:40:35 2019
24200, 851.092, 28.3206, +58.0°C, 2, Tue Feb  5 16:40:38 2019
24300, 854.619, 28.3527, +58.0°C, 2, Tue Feb  5 16:40:42 2019
24400, 858.137, 28.4333, +58.0°C, 2, Tue Feb  5 16:40:45 2019
24500, 861.648, 28.49, +59.0°C, 2, Tue Feb  5 16:40:49 2019
24600, 865.155, 28.5225, +58.0°C, 2, Tue Feb  5 16:40:52 2019
24700, 868.671, 28.4414, +58.0°C, 2, Tue Feb  5 16:40:56 2019
24800, 872.203, 28.3126, +58.0°C, 2, Tue Feb  5 16:40:59 2019
24900, 875.728, 28.3768, +58.0°C, 2, Tue Feb  5 16:41:03 2019
25000, 879.233, 28.5388, +58.0°C, 2, Tue Feb  5 16:41:06 2019
25100, 882.752, 28.4252, +59.0°C, 2, Tue Feb  5 16:41:10 2019
25200, 886.257, 28.5307, +58.0°C, 2, Tue Feb  5 16:41:13 2019
25300, 889.762, 28.5388, +59.0°C, 2, Tue Feb  5 16:41:17 2019
25400, 893.261, 28.5796, +58.0°C, 2, Tue Feb  5 16:41:20 2019
25500, 896.788, 28.3527, +58.0°C, 2, Tue Feb  5 16:41:24 2019
25600, 900.302, 28.4657, +59.0°C, 2, Tue Feb  5 16:41:27 2019
25700, 903.804, 28.5633, +58.0°C, 2, Tue Feb  5 16:41:31 2019
25800, 907.314, 28.49, +58.0°C, 2, Tue Feb  5 16:41:34 2019
25900, 910.817, 28.5551, +58.0°C, 2, Tue Feb  5 16:41:38 2019
26000, 914.341, 28.3849, +58.0°C, 2, Tue Feb  5 16:41:41 2019
26100, 917.865, 28.3768, +59.0°C, 2, Tue Feb  5 16:41:45 2019
26200, 921.372, 28.5144, +58.0°C, 2, Tue Feb  5 16:41:48 2019
26300, 924.905, 28.3126, +59.0°C, 2, Tue Feb  5 16:41:52 2019
26400, 928.421, 28.4414, +58.0°C, 2, Tue Feb  5 16:41:56 2019
26500, 931.955, 28.2965, +59.0°C, 2, Tue Feb  5 16:41:59 2019
26600, 935.48, 28.3768, +59.0°C, 2, Tue Feb  5 16:42:03 2019
26700, 938.992, 28.4819, +59.0°C, 2, Tue Feb  5 16:42:06 2019
26800, 942.514, 28.401, +59.0°C, 2, Tue Feb  5 16:42:10 2019
26900, 946.024, 28.4981, +59.0°C, 2, Tue Feb  5 16:42:13 2019
27000, 949.547, 28.3849, +59.0°C, 2, Tue Feb  5 16:42:17 2019
27100, 953.051, 28.5388, +59.0°C, 2, Tue Feb  5 16:42:20 2019
27200, 956.54, 28.6697, +60.0°C, 2, Tue Feb  5 16:42:24 2019
27300, 960.035, 28.6205, +59.0°C, 2, Tue Feb  5 16:42:27 2019
27400, 963.563, 28.3527, +58.0°C, 2, Tue Feb  5 16:42:31 2019
27500, 967.084, 28.401, +59.0°C, 2, Tue Feb  5 16:42:34 2019
27600, 970.605, 28.401, +60.0°C, 2, Tue Feb  5 16:42:38 2019
27700, 974.137, 28.3206, +59.0°C, 2, Tue Feb  5 16:42:41 2019
27800, 977.644, 28.5225, +59.0°C, 2, Tue Feb  5 16:42:45 2019
27900, 981.158, 28.4576, +59.0°C, 2, Tue Feb  5 16:42:48 2019
28000, 984.652, 28.6287, +59.0°C, 2, Tue Feb  5 16:42:52 2019
28100, 988.162, 28.49, +59.0°C, 2, Tue Feb  5 16:42:55 2019
28200, 991.685, 28.3849, +60.0°C, 2, Tue Feb  5 16:42:59 2019
28300, 995.215, 28.3286, +59.0°C, 2, Tue Feb  5 16:43:02 2019
28400, 998.734, 28.4252, +58.0°C, 2, Tue Feb  5 16:43:06 2019
28500, 1002.24, 28.49, +60.0°C, 2, Tue Feb  5 16:43:09 2019
28600, 1005.74, 28.5959, +60.0°C, 2, Tue Feb  5 16:43:13 2019
28700, 1009.26, 28.4576, +60.0°C, 2, Tue Feb  5 16:43:16 2019
28800, 1012.76, 28.5144, +60.0°C, 2, Tue Feb  5 16:43:20 2019
28900, 1016.3, 28.2406, +59.0°C, 2, Tue Feb  5 16:43:23 2019
29000, 1019.81, 28.5551, +60.0°C, 2, Tue Feb  5 16:43:27 2019
29100, 1023.34, 28.3447, +59.0°C, 2, Tue Feb  5 16:43:30 2019
29200, 1026.86, 28.393, +60.0°C, 2, Tue Feb  5 16:43:34 2019
29300, 1030.37, 28.4576, +60.0°C, 2, Tue Feb  5 16:43:37 2019
29400, 1033.88, 28.49, +60.0°C, 2, Tue Feb  5 16:43:41 2019
29500, 1037.4, 28.401, +59.0°C, 2, Tue Feb  5 16:43:44 2019
29600, 1040.92, 28.4414, +60.0°C, 2, Tue Feb  5 16:43:48 2019
29700, 1044.45, 28.3286, +60.0°C, 2, Tue Feb  5 16:43:52 2019
29800, 1047.96, 28.5307, +60.0°C, 2, Tue Feb  5 16:43:55 2019
29900, 1051.47, 28.49, +60.0°C, 2, Tue Feb  5 16:43:59 2019
30000, 1055, 28.2965, +59.0°C, 2, Tue Feb  5 16:44:02 2019
30100, 1058.51, 28.49, +60.0°C, 2, Tue Feb  5 16:44:06 2019
30200, 1062.03, 28.4495, +59.0°C, 2, Tue Feb  5 16:44:09 2019
30300, 1065.53, 28.5959, +60.0°C, 2, Tue Feb  5 16:44:13 2019
30400, 1069.05, 28.4172, +60.0°C, 2, Tue Feb  5 16:44:16 2019
30500, 1072.58, 28.2805, +60.0°C, 2, Tue Feb  5 16:44:20 2019
30600, 1076.12, 28.2326, +59.0°C, 2, Tue Feb  5 16:44:23 2019
30700, 1079.66, 28.3286, +60.0°C, 2, Tue Feb  5 16:44:27 2019
30800, 1083.16, 28.5388, +60.0°C, 2, Tue Feb  5 16:44:30 2019
30900, 1086.68, 28.4333, +60.0°C, 2, Tue Feb  5 16:44:34 2019
31000, 1090.18, 28.5714, +60.0°C, 2, Tue Feb  5 16:44:37 2019
31100, 1093.69, 28.5063, +60.0°C, 2, Tue Feb  5 16:44:41 2019
31200, 1097.2, 28.4657, +60.0°C, 2, Tue Feb  5 16:44:44 2019
31300, 1100.74, 28.2805, +60.0°C, 2, Tue Feb  5 16:44:48 2019
31400, 1104.26, 28.393, +61.0°C, 2, Tue Feb  5 16:44:51 2019
31500, 1107.77, 28.49, +60.0°C, 2, Tue Feb  5 16:44:55 2019
31600, 1111.28, 28.5063, +60.0°C, 2, Tue Feb  5 16:44:58 2019
31700, 1114.81, 28.3206, +60.0°C, 2, Tue Feb  5 16:45:02 2019
31800, 1118.31, 28.5388, +60.0°C, 2, Tue Feb  5 16:45:05 2019
31900, 1121.84, 28.4091, +60.0°C, 2, Tue Feb  5 16:45:09 2019
32000, 1125.35, 28.4495, +60.0°C, 2, Tue Feb  5 16:45:12 2019
32100, 1128.86, 28.49, +61.0°C, 2, Tue Feb  5 16:45:16 2019
32200, 1132.38, 28.4576, +60.0°C, 2, Tue Feb  5 16:45:19 2019
32300, 1135.87, 28.6451, +60.0°C, 2, Tue Feb  5 16:45:23 2019
32400, 1139.37, 28.5307, +60.0°C, 2, Tue Feb  5 16:45:26 2019
32500, 1142.88, 28.5388, +60.0°C, 2, Tue Feb  5 16:45:30 2019
32600, 1146.39, 28.4981, +60.0°C, 2, Tue Feb  5 16:45:33 2019
32700, 1149.89, 28.5144, +61.0°C, 2, Tue Feb  5 16:45:37 2019
32800, 1153.4, 28.4981, +60.0°C, 2, Tue Feb  5 16:45:40 2019
32900, 1156.92, 28.4414, +60.0°C, 2, Tue Feb  5 16:45:44 2019
33000, 1160.44, 28.4333, +60.0°C, 2, Tue Feb  5 16:45:48 2019
33100, 1163.96, 28.3607, +60.0°C, 2, Tue Feb  5 16:45:51 2019
33200, 1167.49, 28.3849, +60.0°C, 2, Tue Feb  5 16:45:55 2019
33300, 1171.01, 28.4414, +60.0°C, 2, Tue Feb  5 16:45:58 2019
33400, 1174.53, 28.3607, +60.0°C, 2, Tue Feb  5 16:46:02 2019
33500, 1178.04, 28.49, +61.0°C, 2, Tue Feb  5 16:46:05 2019
33600, 1181.55, 28.4819, +60.0°C, 2, Tue Feb  5 16:46:09 2019
33700, 1185.06, 28.49, +60.0°C, 2, Tue Feb  5 16:46:12 2019
33800, 1188.59, 28.401, +60.0°C, 2, Tue Feb  5 16:46:16 2019
33900, 1192.09, 28.5063, +60.0°C, 2, Tue Feb  5 16:46:19 2019
34000, 1195.62, 28.3447, +60.0°C, 2, Tue Feb  5 16:46:23 2019
34100, 1199.16, 28.2965, +60.0°C, 2, Tue Feb  5 16:46:26 2019
34200, 1202.67, 28.4495, +60.0°C, 2, Tue Feb  5 16:46:30 2019
34300, 1206.2, 28.3527, +60.0°C, 2, Tue Feb  5 16:46:33 2019
34400, 1209.71, 28.4981, +60.0°C, 2, Tue Feb  5 16:46:37 2019
34500, 1213.21, 28.5878, +62.0°C, 2, Tue Feb  5 16:46:40 2019
34600, 1216.72, 28.4819, +60.0°C, 2, Tue Feb  5 16:46:44 2019
34700, 1220.24, 28.3768, +61.0°C, 2, Tue Feb  5 16:46:47 2019
34800, 1223.78, 28.3366, +60.0°C, 2, Tue Feb  5 16:46:51 2019
34900, 1227.29, 28.4981, +61.0°C, 2, Tue Feb  5 16:46:54 2019
35000, 1230.81, 28.393, +61.0°C, 2, Tue Feb  5 16:46:58 2019
35100, 1234.33, 28.4091, +61.0°C, 2, Tue Feb  5 16:47:01 2019
35200, 1237.83, 28.6041, +60.0°C, 2, Tue Feb  5 16:47:05 2019
35300, 1241.35, 28.393, +61.0°C, 2, Tue Feb  5 16:47:08 2019
35400, 1244.85, 28.5307, +62.0°C, 2, Tue Feb  5 16:47:12 2019
35500, 1248.37, 28.401, +61.0°C, 2, Tue Feb  5 16:47:15 2019
35600, 1251.87, 28.5959, +61.0°C, 2, Tue Feb  5 16:47:19 2019
35700, 1255.39, 28.4252, +60.0°C, 2, Tue Feb  5 16:47:22 2019
35800, 1258.9, 28.4738, +61.0°C, 2, Tue Feb  5 16:47:26 2019
35900, 1262.42, 28.4172, +61.0°C, 2, Tue Feb  5 16:47:30 2019
36000, 1265.93, 28.4981, +61.0°C, 2, Tue Feb  5 16:47:33 2019
36100, 1269.44, 28.4981, +62.0°C, 2, Tue Feb  5 16:47:37 2019
36200, 1272.97, 28.3046, +60.0°C, 2, Tue Feb  5 16:47:40 2019
36300, 1276.49, 28.4172, +62.0°C, 2, Tue Feb  5 16:47:44 2019
36400, 1280.03, 28.3126, +62.0°C, 2, Tue Feb  5 16:47:47 2019
36500, 1283.53, 28.5225, +62.0°C, 2, Tue Feb  5 16:47:51 2019
36600, 1287.06, 28.3527, +62.0°C, 2, Tue Feb  5 16:47:54 2019
36700, 1290.58, 28.4414, +61.0°C, 2, Tue Feb  5 16:47:58 2019
36800, 1294.09, 28.4576, +61.0°C, 2, Tue Feb  5 16:48:01 2019
36900, 1297.61, 28.401, +62.0°C, 2, Tue Feb  5 16:48:05 2019
37000, 1301.12, 28.5225, +62.0°C, 2, Tue Feb  5 16:48:08 2019
37100, 1304.63, 28.5307, +62.0°C, 2, Tue Feb  5 16:48:12 2019
37200, 1308.17, 28.2326, +61.0°C, 2, Tue Feb  5 16:48:15 2019
37300, 1311.69, 28.401, +62.0°C, 2, Tue Feb  5 16:48:19 2019
37400, 1315.18, 28.6779, +62.0°C, 2, Tue Feb  5 16:48:22 2019
37500, 1318.69, 28.5063, +62.0°C, 2, Tue Feb  5 16:48:26 2019
37600, 1322.22, 28.3206, +62.0°C, 2, Tue Feb  5 16:48:29 2019
37700, 1325.72, 28.5633, +61.0°C, 2, Tue Feb  5 16:48:33 2019
37800, 1329.23, 28.4657, +62.0°C, 2, Tue Feb  5 16:48:36 2019
37900, 1332.76, 28.393, +62.0°C, 2, Tue Feb  5 16:48:40 2019
38000, 1336.29, 28.2725, +62.0°C, 2, Tue Feb  5 16:48:43 2019
38100, 1339.8, 28.49, +62.0°C, 2, Tue Feb  5 16:48:47 2019
38200, 1343.32, 28.49, +62.0°C, 2, Tue Feb  5 16:48:50 2019
38300, 1346.85, 28.2725, +62.0°C, 2, Tue Feb  5 16:48:54 2019
38400, 1350.38, 28.3206, +62.0°C, 2, Tue Feb  5 16:48:57 2019
38500, 1353.92, 28.3046, +62.0°C, 2, Tue Feb  5 16:49:01 2019
38600, 1357.43, 28.4819, +62.0°C, 2, Tue Feb  5 16:49:05 2019
38700, 1360.96, 28.3126, +62.0°C, 2, Tue Feb  5 16:49:08 2019
38800, 1364.48, 28.4172, +62.0°C, 2, Tue Feb  5 16:49:12 2019
38900, 1368, 28.4576, +62.0°C, 2, Tue Feb  5 16:49:15 2019
39000, 1371.5, 28.547, +62.0°C, 2, Tue Feb  5 16:49:19 2019
39100, 1375.01, 28.5388, +61.0°C, 2, Tue Feb  5 16:49:22 2019
39200, 1378.51, 28.5307, +62.0°C, 2, Tue Feb  5 16:49:26 2019
39300, 1382.02, 28.49, +62.0°C, 2, Tue Feb  5 16:49:29 2019
39400, 1385.53, 28.4738, +62.0°C, 2, Tue Feb  5 16:49:33 2019
39500, 1389.02, 28.6779, +62.0°C, 2, Tue Feb  5 16:49:36 2019
39600, 1392.54, 28.4414, +62.0°C, 2, Tue Feb  5 16:49:40 2019
39700, 1396.06, 28.4172, +62.0°C, 2, Tue Feb  5 16:49:43 2019
39800, 1399.57, 28.4333, +62.0°C, 2, Tue Feb  5 16:49:47 2019
39900, 1403.08, 28.5063, +62.0°C, 2, Tue Feb  5 16:49:50 2019
40000, 1406.59, 28.5225, +62.0°C, 2, Tue Feb  5 16:49:54 2019
40100, 1410.11, 28.393, +62.0°C, 2, Tue Feb  5 16:49:57 2019
40200, 1413.64, 28.3366, +62.0°C, 2, Tue Feb  5 16:50:01 2019
40300, 1417.15, 28.49, +62.0°C, 2, Tue Feb  5 16:50:04 2019
40400, 1420.68, 28.2965, +62.0°C, 2, Tue Feb  5 16:50:08 2019
40500, 1424.21, 28.3768, +64.0°C, 2, Tue Feb  5 16:50:11 2019
40600, 1427.73, 28.401, +62.0°C, 2, Tue Feb  5 16:50:15 2019
40700, 1431.24, 28.4738, +62.0°C, 2, Tue Feb  5 16:50:18 2019
40800, 1434.78, 28.3286, +62.0°C, 2, Tue Feb  5 16:50:22 2019
40900, 1438.3, 28.3447, +62.0°C, 2, Tue Feb  5 16:50:25 2019
41000, 1441.81, 28.4981, +63.0°C, 2, Tue Feb  5 16:50:29 2019
41100, 1445.32, 28.5063, +62.0°C, 2, Tue Feb  5 16:50:32 2019
41200, 1448.85, 28.3366, +62.0°C, 2, Tue Feb  5 16:50:36 2019
41300, 1452.38, 28.3768, +62.0°C, 2, Tue Feb  5 16:50:39 2019
41400, 1455.9, 28.3688, +64.0°C, 2, Tue Feb  5 16:50:43 2019
41500, 1459.43, 28.3688, +62.0°C, 2, Tue Feb  5 16:50:47 2019
41600, 1462.96, 28.2725, +62.0°C, 2, Tue Feb  5 16:50:50 2019
41700, 1466.49, 28.3527, +63.0°C, 2, Tue Feb  5 16:50:54 2019
41800, 1470.02, 28.3447, +62.0°C, 2, Tue Feb  5 16:50:57 2019
41900, 1473.54, 28.4576, +62.0°C, 2, Tue Feb  5 16:51:01 2019
42000, 1477.05, 28.49, +62.0°C, 2, Tue Feb  5 16:51:04 2019
42100, 1480.58, 28.3286, +62.0°C, 2, Tue Feb  5 16:51:08 2019
42200, 1484.09, 28.4333, +62.0°C, 2, Tue Feb  5 16:51:11 2019
42300, 1487.62, 28.3447, +64.0°C, 2, Tue Feb  5 16:51:15 2019
42400, 1491.13, 28.5388, +63.0°C, 2, Tue Feb  5 16:51:18 2019
42500, 1494.65, 28.3768, +62.0°C, 2, Tue Feb  5 16:51:22 2019
42600, 1498.17, 28.393, +62.0°C, 2, Tue Feb  5 16:51:25 2019
42700, 1501.68, 28.4738, +63.0°C, 2, Tue Feb  5 16:51:29 2019
42800, 1505.21, 28.393, +63.0°C, 2, Tue Feb  5 16:51:32 2019
42900, 1508.72, 28.49, +62.0°C, 2, Tue Feb  5 16:51:36 2019
43000, 1512.24, 28.4091, +62.0°C, 2, Tue Feb  5 16:51:39 2019
43100, 1515.76, 28.3849, +62.0°C, 2, Tue Feb  5 16:51:43 2019
43200, 1519.27, 28.5388, +62.0°C, 2, Tue Feb  5 16:51:46 2019
43300, 1522.77, 28.5307, +62.0°C, 2, Tue Feb  5 16:51:50 2019
43400, 1526.27, 28.6123, +62.0°C, 2, Tue Feb  5 16:51:53 2019
43500, 1529.78, 28.4738, +63.0°C, 2, Tue Feb  5 16:51:57 2019
43600, 1533.3, 28.3768, +63.0°C, 2, Tue Feb  5 16:52:00 2019
43700, 1536.84, 28.3046, +62.0°C, 2, Tue Feb  5 16:52:04 2019
43800, 1540.34, 28.5225, +62.0°C, 2, Tue Feb  5 16:52:07 2019
43900, 1543.86, 28.4738, +64.0°C, 2, Tue Feb  5 16:52:11 2019
44000, 1547.37, 28.4738, +64.0°C, 2, Tue Feb  5 16:52:14 2019
44100, 1550.89, 28.4172, +64.0°C, 2, Tue Feb  5 16:52:18 2019
44200, 1554.38, 28.6041, +64.0°C, 2, Tue Feb  5 16:52:21 2019
44300, 1557.91, 28.3607, +62.0°C, 2, Tue Feb  5 16:52:25 2019
44400, 1561.44, 28.3768, +64.0°C, 2, Tue Feb  5 16:52:29 2019
44500, 1564.95, 28.4333, +63.0°C, 2, Tue Feb  5 16:52:32 2019
44600, 1568.49, 28.2965, +63.0°C, 2, Tue Feb  5 16:52:36 2019
44700, 1572.01, 28.4091, +62.0°C, 2, Tue Feb  5 16:52:39 2019
44800, 1575.53, 28.4414, +64.0°C, 2, Tue Feb  5 16:52:43 2019
44900, 1579.09, 28.0584, +63.0°C, 2, Tue Feb  5 16:52:46 2019
45000, 1582.59, 28.5796, +63.0°C, 2, Tue Feb  5 16:52:50 2019
45100, 1586.1, 28.5388, +62.0°C, 2, Tue Feb  5 16:52:53 2019
45200, 1589.61, 28.4172, +63.0°C, 2, Tue Feb  5 16:52:57 2019
45300, 1593.13, 28.4252, +62.0°C, 2, Tue Feb  5 16:53:00 2019
45400, 1596.64, 28.49, +63.0°C, 2, Tue Feb  5 16:53:04 2019
45500, 1600.17, 28.3688, +64.0°C, 2, Tue Feb  5 16:53:07 2019
45600, 1603.69, 28.4333, +62.0°C, 2, Tue Feb  5 16:53:11 2019
45700, 1607.23, 28.1849, +63.0°C, 2, Tue Feb  5 16:53:14 2019
45800, 1610.76, 28.3447, +63.0°C, 2, Tue Feb  5 16:53:18 2019
45900, 1614.26, 28.6451, +63.0°C, 2, Tue Feb  5 16:53:21 2019
46000, 1617.75, 28.6123, +62.0°C, 2, Tue Feb  5 16:53:25 2019
46100, 1621.27, 28.401, +63.0°C, 2, Tue Feb  5 16:53:28 2019
46200, 1624.79, 28.393, +62.0°C, 2, Tue Feb  5 16:53:32 2019
46300, 1628.34, 28.2406, +62.0°C, 2, Tue Feb  5 16:53:35 2019
46400, 1631.85, 28.4981, +63.0°C, 2, Tue Feb  5 16:53:39 2019
46500, 1635.36, 28.4576, +63.0°C, 2, Tue Feb  5 16:53:42 2019
46600, 1638.9, 28.2247, +62.0°C, 2, Tue Feb  5 16:53:46 2019
46700, 1642.42, 28.4576, +64.0°C, 2, Tue Feb  5 16:53:49 2019
46800, 1645.92, 28.5714, +64.0°C, 2, Tue Feb  5 16:53:53 2019
46900, 1649.46, 28.2167, +64.0°C, 2, Tue Feb  5 16:53:57 2019
47000, 1652.98, 28.401, +63.0°C, 2, Tue Feb  5 16:54:00 2019
47100, 1656.49, 28.5307, +64.0°C, 2, Tue Feb  5 16:54:04 2019
47200, 1660.01, 28.4333, +64.0°C, 2, Tue Feb  5 16:54:07 2019
47300, 1663.53, 28.4333, +63.0°C, 2, Tue Feb  5 16:54:11 2019
47400, 1667.05, 28.3447, +63.0°C, 2, Tue Feb  5 16:54:14 2019
47500, 1670.59, 28.3046, +64.0°C, 2, Tue Feb  5 16:54:18 2019
47600, 1674.12, 28.2566, +63.0°C, 2, Tue Feb  5 16:54:21 2019
47700, 1677.64, 28.4495, +64.0°C, 2, Tue Feb  5 16:54:25 2019
47800, 1681.16, 28.401, +64.0°C, 2, Tue Feb  5 16:54:28 2019
47900, 1684.68, 28.4333, +64.0°C, 2, Tue Feb  5 16:54:32 2019
48000, 1688.22, 28.2167, +63.0°C, 2, Tue Feb  5 16:54:35 2019
48100, 1691.75, 28.3849, +63.0°C, 2, Tue Feb  5 16:54:39 2019
48200, 1695.27, 28.393, +64.0°C, 2, Tue Feb  5 16:54:42 2019
48300, 1698.78, 28.5063, +63.0°C, 2, Tue Feb  5 16:54:46 2019
48400, 1702.3, 28.4495, +64.0°C, 2, Tue Feb  5 16:54:49 2019
48500, 1705.82, 28.3607, +63.0°C, 2, Tue Feb  5 16:54:53 2019
48600, 1709.34, 28.4495, +64.0°C, 2, Tue Feb  5 16:54:56 2019
48700, 1712.87, 28.3286, +64.0°C, 2, Tue Feb  5 16:55:00 2019
48800, 1716.39, 28.4091, +63.0°C, 2, Tue Feb  5 16:55:03 2019
48900, 1719.9, 28.4414, +64.0°C, 2, Tue Feb  5 16:55:07 2019
49000, 1723.43, 28.401, +63.0°C, 2, Tue Feb  5 16:55:11 2019
49100, 1726.94, 28.4252, +63.0°C, 2, Tue Feb  5 16:55:14 2019
49200, 1730.47, 28.393, +63.0°C, 2, Tue Feb  5 16:55:18 2019
49300, 1733.97, 28.547, +63.0°C, 2, Tue Feb  5 16:55:21 2019
49400, 1737.52, 28.2008, +63.0°C, 2, Tue Feb  5 16:55:25 2019
49500, 1741.04, 28.4252, +63.0°C, 2, Tue Feb  5 16:55:28 2019
49600, 1744.55, 28.4738, +63.0°C, 2, Tue Feb  5 16:55:32 2019
49700, 1748.04, 28.6205, +64.0°C, 2, Tue Feb  5 16:55:35 2019
49800, 1751.57, 28.3607, +64.0°C, 2, Tue Feb  5 16:55:39 2019
49900, 1755.09, 28.4495, +63.0°C, 2, Tue Feb  5 16:55:42 2019
50000, 1758.6, 28.4819, +63.0°C, 2, Tue Feb  5 16:55:46 2019
50100, 1762.11, 28.4981, +63.0°C, 2, Tue Feb  5 16:55:49 2019
50200, 1765.63, 28.3447, +63.0°C, 2, Tue Feb  5 16:55:53 2019
50300, 1769.16, 28.3527, +63.0°C, 2, Tue Feb  5 16:55:56 2019
50400, 1772.68, 28.4252, +63.0°C, 2, Tue Feb  5 16:56:00 2019
50500, 1776.2, 28.4252, +63.0°C, 2, Tue Feb  5 16:56:03 2019
50600, 1779.71, 28.49, +63.0°C, 2, Tue Feb  5 16:56:07 2019
50700, 1783.21, 28.5878, +63.0°C, 2, Tue Feb  5 16:56:10 2019
50800, 1786.73, 28.4333, +63.0°C, 2, Tue Feb  5 16:56:14 2019
50900, 1790.25, 28.3849, +63.0°C, 2, Tue Feb  5 16:56:17 2019
51000, 1793.77, 28.4252, +63.0°C, 2, Tue Feb  5 16:56:21 2019
51100, 1797.28, 28.5063, +64.0°C, 2, Tue Feb  5 16:56:24 2019
51200, 1800.8, 28.4333, +63.0°C, 2, Tue Feb  5 16:56:28 2019
51300, 1804.3, 28.5551, +63.0°C, 2, Tue Feb  5 16:56:31 2019
51400, 1807.81, 28.49, +63.0°C, 2, Tue Feb  5 16:56:35 2019
51500, 1811.31, 28.5714, +64.0°C, 2, Tue Feb  5 16:56:38 2019
51600, 1814.81, 28.5551, +64.0°C, 2, Tue Feb  5 16:56:42 2019
51700, 1818.35, 28.2566, +63.0°C, 2, Tue Feb  5 16:56:45 2019
51800, 1821.86, 28.5307, +63.0°C, 2, Tue Feb  5 16:56:49 2019
51900, 1825.39, 28.3286, +64.0°C, 2, Tue Feb  5 16:56:52 2019
52000, 1828.9, 28.4333, +63.0°C, 2, Tue Feb  5 16:56:56 2019
52100, 1832.4, 28.6205, +63.0°C, 2, Tue Feb  5 16:56:59 2019
52200, 1835.94, 28.2326, +64.0°C, 2, Tue Feb  5 16:57:03 2019
52300, 1839.45, 28.49, +63.0°C, 2, Tue Feb  5 16:57:07 2019
52400, 1842.98, 28.3286, +64.0°C, 2, Tue Feb  5 16:57:10 2019
52500, 1846.52, 28.2805, +63.0°C, 2, Tue Feb  5 16:57:14 2019
52600, 1850.04, 28.401, +63.0°C, 2, Tue Feb  5 16:57:17 2019
52700, 1853.57, 28.3206, +64.0°C, 2, Tue Feb  5 16:57:21 2019
52800, 1857.1, 28.3768, +63.0°C, 2, Tue Feb  5 16:57:24 2019
52900, 1860.62, 28.4172, +63.0°C, 2, Tue Feb  5 16:57:28 2019
53000, 1864.14, 28.3366, +63.0°C, 2, Tue Feb  5 16:57:31 2019
53100, 1867.66, 28.4657, +64.0°C, 2, Tue Feb  5 16:57:35 2019
53200, 1871.19, 28.3206, +63.0°C, 2, Tue Feb  5 16:57:38 2019
53300, 1874.7, 28.5225, +63.0°C, 2, Tue Feb  5 16:57:42 2019
53400, 1878.2, 28.5225, +63.0°C, 2, Tue Feb  5 16:57:45 2019
53500, 1881.71, 28.49, +65.0°C, 2, Tue Feb  5 16:57:49 2019
53600, 1885.24, 28.3366, +65.0°C, 2, Tue Feb  5 16:57:52 2019
53700, 1888.76, 28.4576, +65.0°C, 2, Tue Feb  5 16:57:56 2019
53800, 1892.27, 28.4981, +64.0°C, 2, Tue Feb  5 16:57:59 2019
53900, 1895.79, 28.393, +63.0°C, 2, Tue Feb  5 16:58:03 2019
54000, 1899.29, 28.5307, +63.0°C, 2, Tue Feb  5 16:58:06 2019
54100, 1902.81, 28.4172, +65.0°C, 2, Tue Feb  5 16:58:10 2019
54200, 1906.35, 28.3046, +64.0°C, 2, Tue Feb  5 16:58:13 2019
54300, 1909.87, 28.3768, +63.0°C, 2, Tue Feb  5 16:58:17 2019
54400, 1913.42, 28.1849, +65.0°C, 2, Tue Feb  5 16:58:21 2019
54500, 1916.93, 28.5144, +64.0°C, 2, Tue Feb  5 16:58:24 2019
54600, 1920.43, 28.5307, +64.0°C, 2, Tue Feb  5 16:58:28 2019
54700, 1923.97, 28.2406, +64.0°C, 2, Tue Feb  5 16:58:31 2019
54800, 1927.49, 28.4576, +63.0°C, 2, Tue Feb  5 16:58:35 2019
54900, 1931.02, 28.3366, +64.0°C, 2, Tue Feb  5 16:58:38 2019
55000, 1934.54, 28.401, +64.0°C, 2, Tue Feb  5 16:58:42 2019
55100, 1938.07, 28.3447, +65.0°C, 2, Tue Feb  5 16:58:45 2019
55200, 1941.57, 28.5388, +63.0°C, 2, Tue Feb  5 16:58:49 2019
55300, 1945.12, 28.2008, +64.0°C, 2, Tue Feb  5 16:58:52 2019
55400, 1948.65, 28.3046, +64.0°C, 2, Tue Feb  5 16:58:56 2019
55500, 1952.18, 28.3366, +63.0°C, 2, Tue Feb  5 16:58:59 2019
55600, 1955.69, 28.5063, +64.0°C, 2, Tue Feb  5 16:59:03 2019
55700, 1959.2, 28.4819, +64.0°C, 2, Tue Feb  5 16:59:06 2019
55800, 1962.72, 28.4576, +64.0°C, 2, Tue Feb  5 16:59:10 2019
55900, 1966.23, 28.4657, +64.0°C, 2, Tue Feb  5 16:59:13 2019
56000, 1969.76, 28.3447, +64.0°C, 2, Tue Feb  5 16:59:17 2019
56100, 1973.29, 28.3527, +64.0°C, 2, Tue Feb  5 16:59:20 2019
56200, 1976.81, 28.4172, +64.0°C, 2, Tue Feb  5 16:59:24 2019
56300, 1980.32, 28.4738, +65.0°C, 2, Tue Feb  5 16:59:27 2019
56400, 1983.83, 28.5225, +64.0°C, 2, Tue Feb  5 16:59:31 2019
56500, 1987.34, 28.4333, +65.0°C, 2, Tue Feb  5 16:59:34 2019
56600, 1990.86, 28.4172, +64.0°C, 2, Tue Feb  5 16:59:38 2019
56700, 1994.37, 28.5144, +64.0°C, 2, Tue Feb  5 16:59:41 2019
56800, 1997.9, 28.3527, +65.0°C, 2, Tue Feb  5 16:59:45 2019
56900, 2001.41, 28.4576, +65.0°C, 2, Tue Feb  5 16:59:48 2019
57000, 2004.92, 28.49, +64.0°C, 2, Tue Feb  5 16:59:52 2019
57100, 2008.44, 28.401, +65.0°C, 2, Tue Feb  5 16:59:56 2019
57200, 2011.97, 28.3286, +64.0°C, 2, Tue Feb  5 16:59:59 2019
57300, 2015.5, 28.3768, +63.0°C, 2, Tue Feb  5 17:00:03 2019
57400, 2019.01, 28.4819, +65.0°C, 2, Tue Feb  5 17:00:06 2019
57500, 2022.53, 28.4333, +65.0°C, 2, Tue Feb  5 17:00:10 2019
57600, 2026.04, 28.49, +64.0°C, 2, Tue Feb  5 17:00:13 2019
57700, 2029.57, 28.3447, +65.0°C, 2, Tue Feb  5 17:00:17 2019
57800, 2033.09, 28.4252, +65.0°C, 2, Tue Feb  5 17:00:20 2019
57900, 2036.6, 28.5063, +65.0°C, 2, Tue Feb  5 17:00:24 2019
58000, 2040.11, 28.4576, +65.0°C, 2, Tue Feb  5 17:00:27 2019
58100, 2043.63, 28.4252, +64.0°C, 2, Tue Feb  5 17:00:31 2019
58200, 2047.15, 28.401, +65.0°C, 2, Tue Feb  5 17:00:34 2019
58300, 2050.66, 28.4981, +64.0°C, 2, Tue Feb  5 17:00:38 2019
58400, 2054.19, 28.3688, +65.0°C, 2, Tue Feb  5 17:00:41 2019
58500, 2057.71, 28.393, +66.0°C, 2, Tue Feb  5 17:00:45 2019
58600, 2061.23, 28.4172, +65.0°C, 2, Tue Feb  5 17:00:48 2019
58700, 2064.75, 28.4333, +65.0°C, 2, Tue Feb  5 17:00:52 2019
58800, 2068.26, 28.4981, +65.0°C, 2, Tue Feb  5 17:00:55 2019
58900, 2071.77, 28.4414, +64.0°C, 2, Tue Feb  5 17:00:59 2019
59000, 2075.31, 28.2805, +65.0°C, 2, Tue Feb  5 17:01:02 2019
59100, 2078.83, 28.4091, +64.0°C, 2, Tue Feb  5 17:01:06 2019
59200, 2082.34, 28.4414, +65.0°C, 2, Tue Feb  5 17:01:09 2019
59300, 2085.87, 28.401, +64.0°C, 2, Tue Feb  5 17:01:13 2019
59400, 2089.38, 28.49, +64.0°C, 2, Tue Feb  5 17:01:16 2019
59500, 2092.89, 28.4657, +65.0°C, 2, Tue Feb  5 17:01:20 2019
59600, 2096.4, 28.4981, +64.0°C, 2, Tue Feb  5 17:01:23 2019
59700, 2099.93, 28.3447, +64.0°C, 2, Tue Feb  5 17:01:27 2019
59800, 2103.45, 28.3849, +64.0°C, 2, Tue Feb  5 17:01:31 2019
59900, 2106.98, 28.3688, +65.0°C, 2, Tue Feb  5 17:01:34 2019
60000, 2110.48, 28.5551, +65.0°C, 2, Tue Feb  5 17:01:38 2019
60100, 2114.02, 28.2326, +65.0°C, 2, Tue Feb  5 17:01:41 2019
60200, 2117.55, 28.3447, +64.0°C, 2, Tue Feb  5 17:01:45 2019
60300, 2121.08, 28.3607, +64.0°C, 2, Tue Feb  5 17:01:48 2019
60400, 2124.6, 28.4252, +65.0°C, 2, Tue Feb  5 17:01:52 2019
60500, 2128.11, 28.5063, +64.0°C, 2, Tue Feb  5 17:01:55 2019
60600, 2131.65, 28.2167, +65.0°C, 2, Tue Feb  5 17:01:59 2019
60700, 2135.18, 28.3447, +64.0°C, 2, Tue Feb  5 17:02:02 2019
60800, 2138.7, 28.4414, +65.0°C, 2, Tue Feb  5 17:02:06 2019
60900, 2142.22, 28.3849, +65.0°C, 2, Tue Feb  5 17:02:09 2019
61000, 2145.76, 28.2566, +65.0°C, 2, Tue Feb  5 17:02:13 2019
61100, 2149.3, 28.2486, +64.0°C, 2, Tue Feb  5 17:02:16 2019
61200, 2152.82, 28.401, +65.0°C, 2, Tue Feb  5 17:02:20 2019
61300, 2156.35, 28.3286, +65.0°C, 2, Tue Feb  5 17:02:23 2019
61400, 2159.87, 28.4414, +65.0°C, 2, Tue Feb  5 17:02:27 2019
61500, 2163.41, 28.2247, +64.0°C, 2, Tue Feb  5 17:02:30 2019
61600, 2166.91, 28.6123, +65.0°C, 2, Tue Feb  5 17:02:34 2019
61700, 2170.44, 28.3046, +65.0°C, 2, Tue Feb  5 17:02:38 2019
61800, 2173.96, 28.4091, +65.0°C, 2, Tue Feb  5 17:02:41 2019
61900, 2177.49, 28.3286, +65.0°C, 2, Tue Feb  5 17:02:45 2019
62000, 2181.02, 28.3527, +64.0°C, 2, Tue Feb  5 17:02:48 2019
62100, 2184.53, 28.4576, +65.0°C, 2, Tue Feb  5 17:02:52 2019
62200, 2188.05, 28.4657, +65.0°C, 2, Tue Feb  5 17:02:55 2019
62300, 2191.56, 28.4657, +65.0°C, 2, Tue Feb  5 17:02:59 2019
62400, 2195.06, 28.5796, +64.0°C, 2, Tue Feb  5 17:03:02 2019
62500, 2198.57, 28.4738, +65.0°C, 2, Tue Feb  5 17:03:06 2019
62600, 2202.09, 28.4172, +65.0°C, 2, Tue Feb  5 17:03:09 2019
62700, 2205.61, 28.4576, +64.0°C, 2, Tue Feb  5 17:03:13 2019
62800, 2209.12, 28.4576, +65.0°C, 2, Tue Feb  5 17:03:16 2019
62900, 2212.64, 28.4333, +65.0°C, 2, Tue Feb  5 17:03:20 2019
63000, 2216.16, 28.3688, +64.0°C, 2, Tue Feb  5 17:03:23 2019
63100, 2219.68, 28.393, +65.0°C, 2, Tue Feb  5 17:03:27 2019
63200, 2223.2, 28.4091, +64.0°C, 2, Tue Feb  5 17:03:30 2019
63300, 2226.73, 28.3447, +65.0°C, 2, Tue Feb  5 17:03:34 2019
63400, 2230.27, 28.2805, +65.0°C, 2, Tue Feb  5 17:03:37 2019
63500, 2233.8, 28.3688, +64.0°C, 2, Tue Feb  5 17:03:41 2019
63600, 2237.32, 28.4172, +64.0°C, 2, Tue Feb  5 17:03:44 2019
63700, 2240.85, 28.2885, +65.0°C, 2, Tue Feb  5 17:03:48 2019
63800, 2244.38, 28.3046, +64.0°C, 2, Tue Feb  5 17:03:51 2019
63900, 2247.93, 28.2008, +65.0°C, 2, Tue Feb  5 17:03:55 2019
64000, 2251.45, 28.393, +65.0°C, 2, Tue Feb  5 17:03:59 2019
64100, 2254.99, 28.2646, +65.0°C, 2, Tue Feb  5 17:04:02 2019
64200, 2258.52, 28.3527, +65.0°C, 2, Tue Feb  5 17:04:06 2019
64300, 2262.04, 28.4172, +65.0°C, 2, Tue Feb  5 17:04:09 2019
64400, 2265.6, 28.1136, +65.0°C, 2, Tue Feb  5 17:04:13 2019
64500, 2269.12, 28.401, +65.0°C, 2, Tue Feb  5 17:04:16 2019
64600, 2272.64, 28.3688, +65.0°C, 2, Tue Feb  5 17:04:20 2019
64700, 2276.18, 28.3206, +65.0°C, 2, Tue Feb  5 17:04:23 2019
64800, 2279.69, 28.4333, +65.0°C, 2, Tue Feb  5 17:04:27 2019
64900, 2283.2, 28.5551, +65.0°C, 2, Tue Feb  5 17:04:30 2019
65000, 2286.72, 28.393, +65.0°C, 2, Tue Feb  5 17:04:34 2019
65100, 2290.24, 28.4333, +65.0°C, 2, Tue Feb  5 17:04:37 2019
65200, 2293.75, 28.4252, +65.0°C, 2, Tue Feb  5 17:04:41 2019
65300, 2297.28, 28.3607, +65.0°C, 2, Tue Feb  5 17:04:44 2019
65400, 2300.8, 28.4414, +65.0°C, 2, Tue Feb  5 17:04:48 2019
65500, 2304.31, 28.4981, +65.0°C, 2, Tue Feb  5 17:04:51 2019
65600, 2307.82, 28.4172, +65.0°C, 2, Tue Feb  5 17:04:55 2019
65700, 2311.34, 28.4091, +65.0°C, 2, Tue Feb  5 17:04:58 2019
65800, 2314.86, 28.4657, +64.0°C, 2, Tue Feb  5 17:05:02 2019
65900, 2318.35, 28.6287, +65.0°C, 2, Tue Feb  5 17:05:05 2019
66000, 2321.87, 28.401, +65.0°C, 2, Tue Feb  5 17:05:09 2019
66100, 2325.38, 28.5307, +65.0°C, 2, Tue Feb  5 17:05:12 2019
66200, 2328.9, 28.3768, +65.0°C, 2, Tue Feb  5 17:05:16 2019
66300, 2332.45, 28.1611, +66.0°C, 2, Tue Feb  5 17:05:20 2019
66400, 2335.99, 28.3046, +65.0°C, 2, Tue Feb  5 17:05:23 2019
66500, 2339.51, 28.3607, +65.0°C, 2, Tue Feb  5 17:05:27 2019
66600, 2343.04, 28.3849, +66.0°C, 2, Tue Feb  5 17:05:30 2019
66700, 2346.55, 28.4819, +65.0°C, 2, Tue Feb  5 17:05:34 2019
66800, 2350.07, 28.393, +65.0°C, 2, Tue Feb  5 17:05:37 2019
66900, 2353.59, 28.4091, +65.0°C, 2, Tue Feb  5 17:05:41 2019
67000, 2357.12, 28.3447, +65.0°C, 2, Tue Feb  5 17:05:44 2019
67100, 2360.62, 28.5878, +65.0°C, 2, Tue Feb  5 17:05:48 2019
67200, 2364.13, 28.5063, +64.0°C, 2, Tue Feb  5 17:05:51 2019
67300, 2367.65, 28.4091, +65.0°C, 2, Tue Feb  5 17:05:55 2019
67400, 2371.16, 28.5063, +65.0°C, 2, Tue Feb  5 17:05:58 2019
67500, 2374.67, 28.4819, +65.0°C, 2, Tue Feb  5 17:06:02 2019
67600, 2378.19, 28.3607, +65.0°C, 2, Tue Feb  5 17:06:05 2019
67700, 2381.71, 28.4576, +65.0°C, 2, Tue Feb  5 17:06:09 2019
67800, 2385.24, 28.3286, +65.0°C, 2, Tue Feb  5 17:06:12 2019
67900, 2388.75, 28.4576, +64.0°C, 2, Tue Feb  5 17:06:16 2019
68000, 2392.27, 28.4576, +65.0°C, 2, Tue Feb  5 17:06:19 2019
68100, 2395.79, 28.393, +65.0°C, 2, Tue Feb  5 17:06:23 2019
68200, 2399.31, 28.4091, +65.0°C, 2, Tue Feb  5 17:06:26 2019
68300, 2402.84, 28.3126, +66.0°C, 2, Tue Feb  5 17:06:30 2019
68400, 2406.36, 28.4252, +65.0°C, 2, Tue Feb  5 17:06:33 2019
68500, 2409.88, 28.4252, +65.0°C, 2, Tue Feb  5 17:06:37 2019
68600, 2413.39, 28.4576, +65.0°C, 2, Tue Feb  5 17:06:40 2019
68700, 2416.92, 28.3688, +66.0°C, 2, Tue Feb  5 17:06:44 2019
68800, 2420.45, 28.3527, +65.0°C, 2, Tue Feb  5 17:06:48 2019
68900, 2423.95, 28.5878, +66.0°C, 2, Tue Feb  5 17:06:51 2019
69000, 2427.47, 28.3607, +66.0°C, 2, Tue Feb  5 17:06:55 2019
69100, 2430.99, 28.4414, +65.0°C, 2, Tue Feb  5 17:06:58 2019
69200, 2434.52, 28.3206, +66.0°C, 2, Tue Feb  5 17:07:02 2019
69300, 2438.05, 28.3206, +65.0°C, 2, Tue Feb  5 17:07:05 2019
69400, 2441.58, 28.3046, +66.0°C, 2, Tue Feb  5 17:07:09 2019
69500, 2445.12, 28.2486, +66.0°C, 2, Tue Feb  5 17:07:12 2019
69600, 2448.65, 28.3607, +65.0°C, 2, Tue Feb  5 17:07:16 2019
69700, 2452.15, 28.5959, +65.0°C, 2, Tue Feb  5 17:07:19 2019
69800, 2455.69, 28.2646, +65.0°C, 2, Tue Feb  5 17:07:23 2019
69900, 2459.2, 28.4333, +65.0°C, 2, Tue Feb  5 17:07:26 2019
70000, 2462.73, 28.3366, +66.0°C, 2, Tue Feb  5 17:07:30 2019
70100, 2466.24, 28.4819, +65.0°C, 2, Tue Feb  5 17:07:33 2019
70200, 2469.77, 28.393, +65.0°C, 2, Tue Feb  5 17:07:37 2019
70300, 2473.29, 28.3768, +65.0°C, 2, Tue Feb  5 17:07:40 2019
70400, 2476.83, 28.2805, +65.0°C, 2, Tue Feb  5 17:07:44 2019
70500, 2480.36, 28.3527, +66.0°C, 2, Tue Feb  5 17:07:47 2019
70600, 2483.86, 28.5225, +66.0°C, 2, Tue Feb  5 17:07:51 2019
70700, 2487.38, 28.4819, +66.0°C, 2, Tue Feb  5 17:07:54 2019
70800, 2490.9, 28.3768, +66.0°C, 2, Tue Feb  5 17:07:58 2019
70900, 2494.45, 28.177, +66.0°C, 2, Tue Feb  5 17:08:02 2019
71000, 2497.97, 28.3768, +65.0°C, 2, Tue Feb  5 17:08:05 2019
71100, 2501.49, 28.4495, +65.0°C, 2, Tue Feb  5 17:08:09 2019
71200, 2505.01, 28.4333, +65.0°C, 2, Tue Feb  5 17:08:12 2019
71300, 2508.51, 28.5878, +65.0°C, 2, Tue Feb  5 17:08:16 2019
71400, 2512.02, 28.4495, +66.0°C, 2, Tue Feb  5 17:08:19 2019
71500, 2515.54, 28.4414, +65.0°C, 2, Tue Feb  5 17:08:23 2019
71600, 2519.05, 28.4576, +66.0°C, 2, Tue Feb  5 17:08:26 2019
71700, 2522.57, 28.4819, +65.0°C, 2, Tue Feb  5 17:08:30 2019
71800, 2526.07, 28.5388, +65.0°C, 2, Tue Feb  5 17:08:33 2019
71900, 2529.59, 28.401, +65.0°C, 2, Tue Feb  5 17:08:37 2019
72000, 2533.11, 28.4495, +66.0°C, 2, Tue Feb  5 17:08:40 2019
72100, 2536.63, 28.393, +65.0°C, 2, Tue Feb  5 17:08:44 2019
72200, 2540.14, 28.4738, +66.0°C, 2, Tue Feb  5 17:08:47 2019
72300, 2543.66, 28.393, +66.0°C, 2, Tue Feb  5 17:08:51 2019
72400, 2547.21, 28.2247, +66.0°C, 2, Tue Feb  5 17:08:54 2019
72500, 2550.74, 28.3286, +65.0°C, 2, Tue Feb  5 17:08:58 2019
72600, 2554.28, 28.2805, +65.0°C, 2, Tue Feb  5 17:09:01 2019
72700, 2557.79, 28.4657, +66.0°C, 2, Tue Feb  5 17:09:05 2019
72800, 2561.33, 28.2486, +66.0°C, 2, Tue Feb  5 17:09:08 2019
72900, 2564.87, 28.2326, +65.0°C, 2, Tue Feb  5 17:09:12 2019
73000, 2568.4, 28.3366, +66.0°C, 2, Tue Feb  5 17:09:15 2019
73100, 2571.94, 28.2805, +66.0°C, 2, Tue Feb  5 17:09:19 2019
73200, 2575.46, 28.4172, +66.0°C, 2, Tue Feb  5 17:09:23 2019
73300, 2578.99, 28.3046, +65.0°C, 2, Tue Feb  5 17:09:26 2019
73400, 2582.5, 28.5063, +66.0°C, 2, Tue Feb  5 17:09:30 2019
73500, 2586.02, 28.393, +66.0°C, 2, Tue Feb  5 17:09:33 2019
73600, 2589.54, 28.4252, +66.0°C, 2, Tue Feb  5 17:09:37 2019
73700, 2593.04, 28.5796, +66.0°C, 2, Tue Feb  5 17:09:40 2019
73800, 2596.57, 28.3126, +66.0°C, 2, Tue Feb  5 17:09:44 2019
73900, 2600.09, 28.4172, +66.0°C, 2, Tue Feb  5 17:09:47 2019
74000, 2603.62, 28.3366, +66.0°C, 2, Tue Feb  5 17:09:51 2019
74100, 2607.15, 28.3607, +66.0°C, 2, Tue Feb  5 17:09:54 2019
74200, 2610.68, 28.3527, +66.0°C, 2, Tue Feb  5 17:09:58 2019
74300, 2614.2, 28.4091, +66.0°C, 2, Tue Feb  5 17:10:01 2019
74400, 2617.72, 28.4091, +66.0°C, 2, Tue Feb  5 17:10:05 2019
74500, 2621.24, 28.4091, +66.0°C, 2, Tue Feb  5 17:10:08 2019
74600, 2624.76, 28.401, +65.0°C, 2, Tue Feb  5 17:10:12 2019
74700, 2628.29, 28.3607, +66.0°C, 2, Tue Feb  5 17:10:15 2019
74800, 2631.82, 28.3447, +66.0°C, 2, Tue Feb  5 17:10:19 2019
74900, 2635.35, 28.2725, +66.0°C, 2, Tue Feb  5 17:10:22 2019
75000, 2638.9, 28.1849, +66.0°C, 2, Tue Feb  5 17:10:26 2019
75100, 2642.4, 28.5796, +66.0°C, 2, Tue Feb  5 17:10:29 2019
75200, 2645.91, 28.5225, +65.0°C, 2, Tue Feb  5 17:10:33 2019
75300, 2649.42, 28.5063, +66.0°C, 2, Tue Feb  5 17:10:36 2019
75400, 2652.94, 28.401, +66.0°C, 2, Tue Feb  5 17:10:40 2019
75500, 2656.47, 28.3206, +66.0°C, 2, Tue Feb  5 17:10:44 2019
75600, 2659.99, 28.3688, +66.0°C, 2, Tue Feb  5 17:10:47 2019
75700, 2663.52, 28.3607, +66.0°C, 2, Tue Feb  5 17:10:51 2019
75800, 2667.04, 28.4495, +66.0°C, 2, Tue Feb  5 17:10:54 2019
75900, 2670.56, 28.4091, +66.0°C, 2, Tue Feb  5 17:10:58 2019
76000, 2674.09, 28.3286, +66.0°C, 2, Tue Feb  5 17:11:01 2019
76100, 2677.62, 28.2965, +66.0°C, 2, Tue Feb  5 17:11:05 2019
76200, 2681.16, 28.3126, +66.0°C, 2, Tue Feb  5 17:11:08 2019
76300, 2684.68, 28.393, +66.0°C, 2, Tue Feb  5 17:11:12 2019
76400, 2688.19, 28.4414, +66.0°C, 2, Tue Feb  5 17:11:15 2019
76500, 2691.72, 28.3849, +66.0°C, 2, Tue Feb  5 17:11:19 2019
76600, 2695.26, 28.2247, +66.0°C, 2, Tue Feb  5 17:11:22 2019
76700, 2698.78, 28.4495, +67.0°C, 2, Tue Feb  5 17:11:26 2019
76800, 2702.3, 28.393, +66.0°C, 2, Tue Feb  5 17:11:29 2019
76900, 2705.84, 28.2247, +67.0°C, 2, Tue Feb  5 17:11:33 2019
77000, 2709.36, 28.4172, +66.0°C, 2, Tue Feb  5 17:11:36 2019
77100, 2712.89, 28.3527, +66.0°C, 2, Tue Feb  5 17:11:40 2019
77200, 2716.41, 28.3768, +66.0°C, 2, Tue Feb  5 17:11:43 2019
77300, 2719.94, 28.3447, +66.0°C, 2, Tue Feb  5 17:11:47 2019
77400, 2723.47, 28.3366, +66.0°C, 2, Tue Feb  5 17:11:51 2019
77500, 2726.99, 28.401, +66.0°C, 2, Tue Feb  5 17:11:54 2019
77600, 2730.51, 28.4414, +66.0°C, 2, Tue Feb  5 17:11:58 2019
77700, 2734.03, 28.3688, +66.0°C, 2, Tue Feb  5 17:12:01 2019
77800, 2737.55, 28.4657, +66.0°C, 2, Tue Feb  5 17:12:05 2019
77900, 2741.07, 28.4091, +66.0°C, 2, Tue Feb  5 17:12:08 2019
78000, 2744.59, 28.401, +66.0°C, 2, Tue Feb  5 17:12:12 2019
78100, 2748.11, 28.3849, +66.0°C, 2, Tue Feb  5 17:12:15 2019
78200, 2751.64, 28.3527, +66.0°C, 2, Tue Feb  5 17:12:19 2019
78300, 2755.15, 28.4576, +66.0°C, 2, Tue Feb  5 17:12:22 2019
78400, 2758.7, 28.2247, +66.0°C, 2, Tue Feb  5 17:12:26 2019
78500, 2762.23, 28.3447, +66.0°C, 2, Tue Feb  5 17:12:29 2019
78600, 2765.75, 28.3849, +66.0°C, 2, Tue Feb  5 17:12:33 2019
78700, 2769.26, 28.4657, +66.0°C, 2, Tue Feb  5 17:12:36 2019
78800, 2772.78, 28.4414, +66.0°C, 2, Tue Feb  5 17:12:40 2019
78900, 2776.3, 28.3849, +66.0°C, 2, Tue Feb  5 17:12:43 2019
79000, 2779.8, 28.5714, +66.0°C, 2, Tue Feb  5 17:12:47 2019
79100, 2783.34, 28.3206, +66.0°C, 2, Tue Feb  5 17:12:50 2019
79200, 2786.86, 28.3527, +66.0°C, 2, Tue Feb  5 17:12:54 2019
79300, 2790.39, 28.3366, +66.0°C, 2, Tue Feb  5 17:12:57 2019
79400, 2793.94, 28.2406, +66.0°C, 2, Tue Feb  5 17:13:01 2019
79500, 2797.47, 28.2965, +66.0°C, 2, Tue Feb  5 17:13:05 2019
79600, 2800.99, 28.393, +66.0°C, 2, Tue Feb  5 17:13:08 2019
79700, 2804.54, 28.2167, +66.0°C, 2, Tue Feb  5 17:13:12 2019
79800, 2808.07, 28.3527, +66.0°C, 2, Tue Feb  5 17:13:15 2019
79900, 2811.57, 28.547, +66.0°C, 2, Tue Feb  5 17:13:19 2019
80000, 2815.08, 28.4657, +66.0°C, 2, Tue Feb  5 17:13:22 2019
80100, 2818.61, 28.3688, +66.0°C, 2, Tue Feb  5 17:13:26 2019
80200, 2822.12, 28.4495, +66.0°C, 2, Tue Feb  5 17:13:29 2019
80300, 2825.62, 28.5714, +66.0°C, 2, Tue Feb  5 17:13:33 2019
80400, 2829.14, 28.4738, +66.0°C, 2, Tue Feb  5 17:13:36 2019
80500, 2832.64, 28.5063, +66.0°C, 2, Tue Feb  5 17:13:40 2019
80600, 2836.17, 28.3607, +66.0°C, 2, Tue Feb  5 17:13:43 2019
80700, 2839.69, 28.401, +66.0°C, 2, Tue Feb  5 17:13:47 2019
80800, 2843.22, 28.3768, +66.0°C, 2, Tue Feb  5 17:13:50 2019
80900, 2846.74, 28.3527, +66.0°C, 2, Tue Feb  5 17:13:54 2019
81000, 2850.27, 28.3768, +66.0°C, 2, Tue Feb  5 17:13:57 2019
81100, 2853.8, 28.3527, +66.0°C, 2, Tue Feb  5 17:14:01 2019
81200, 2857.34, 28.2725, +66.0°C, 2, Tue Feb  5 17:14:04 2019
81300, 2860.86, 28.3286, +66.0°C, 2, Tue Feb  5 17:14:08 2019
81400, 2864.39, 28.393, +66.0°C, 2, Tue Feb  5 17:14:11 2019
81500, 2867.92, 28.3447, +66.0°C, 2, Tue Feb  5 17:14:15 2019
81600, 2871.44, 28.393, +67.0°C, 2, Tue Feb  5 17:14:19 2019
81700, 2874.97, 28.3206, +68.0°C, 2, Tue Feb  5 17:14:22 2019
81800, 2878.51, 28.2965, +66.0°C, 2, Tue Feb  5 17:14:26 2019
81900, 2882.04, 28.3126, +66.0°C, 2, Tue Feb  5 17:14:29 2019
82000, 2885.55, 28.5144, +66.0°C, 2, Tue Feb  5 17:14:33 2019
82100, 2889.07, 28.3768, +66.0°C, 2, Tue Feb  5 17:14:36 2019
82200, 2892.61, 28.2566, +66.0°C, 2, Tue Feb  5 17:14:40 2019
82300, 2896.17, 28.0505, +66.0°C, 2, Tue Feb  5 17:14:43 2019
82400, 2899.71, 28.2566, +66.0°C, 2, Tue Feb  5 17:14:47 2019
82500, 2903.26, 28.1849, +66.0°C, 2, Tue Feb  5 17:14:50 2019
82600, 2906.79, 28.3206, +66.0°C, 2, Tue Feb  5 17:14:54 2019
82700, 2910.3, 28.49, +66.0°C, 2, Tue Feb  5 17:14:57 2019
82800, 2913.82, 28.4172, +66.0°C, 2, Tue Feb  5 17:15:01 2019
82900, 2917.34, 28.4333, +66.0°C, 2, Tue Feb  5 17:15:04 2019
83000, 2920.86, 28.3768, +66.0°C, 2, Tue Feb  5 17:15:08 2019
83100, 2924.39, 28.401, +66.0°C, 2, Tue Feb  5 17:15:11 2019
83200, 2927.91, 28.3849, +66.0°C, 2, Tue Feb  5 17:15:15 2019
83300, 2931.45, 28.2486, +66.0°C, 2, Tue Feb  5 17:15:19 2019
83400, 2934.98, 28.3366, +66.0°C, 2, Tue Feb  5 17:15:22 2019
83500, 2938.5, 28.4252, +66.0°C, 2, Tue Feb  5 17:15:26 2019
83600, 2942.01, 28.4657, +66.0°C, 2, Tue Feb  5 17:15:29 2019
83700, 2945.53, 28.4091, +66.0°C, 2, Tue Feb  5 17:15:33 2019
83800, 2949.04, 28.5307, +66.0°C, 2, Tue Feb  5 17:15:36 2019
83900, 2952.57, 28.2965, +66.0°C, 2, Tue Feb  5 17:15:40 2019
84000, 2956.12, 28.2087, +66.0°C, 2, Tue Feb  5 17:15:43 2019
84100, 2959.64, 28.3849, +66.0°C, 2, Tue Feb  5 17:15:47 2019
84200, 2963.16, 28.401, +66.0°C, 2, Tue Feb  5 17:15:50 2019
84300, 2966.69, 28.3688, +66.0°C, 2, Tue Feb  5 17:15:54 2019
84400, 2970.21, 28.4333, +66.0°C, 2, Tue Feb  5 17:15:57 2019
84500, 2973.73, 28.393, +67.0°C, 2, Tue Feb  5 17:16:01 2019
84600, 2977.25, 28.4091, +67.0°C, 2, Tue Feb  5 17:16:04 2019
84700, 2980.76, 28.4495, +66.0°C, 2, Tue Feb  5 17:16:08 2019
84800, 2984.29, 28.3366, +66.0°C, 2, Tue Feb  5 17:16:11 2019
84900, 2987.83, 28.3046, +66.0°C, 2, Tue Feb  5 17:16:15 2019
85000, 2991.33, 28.5388, +66.0°C, 2, Tue Feb  5 17:16:18 2019
85100, 2994.87, 28.2885, +66.0°C, 2, Tue Feb  5 17:16:22 2019
85200, 2998.4, 28.3046, +66.0°C, 2, Tue Feb  5 17:16:25 2019
85300, 3001.93, 28.3046, +67.0°C, 2, Tue Feb  5 17:16:29 2019
85400, 3005.45, 28.4414, +66.0°C, 2, Tue Feb  5 17:16:33 2019
85500, 3008.96, 28.5307, +67.0°C, 2, Tue Feb  5 17:16:36 2019
85600, 3012.48, 28.3527, +66.0°C, 2, Tue Feb  5 17:16:40 2019
85700, 3016.01, 28.3849, +66.0°C, 2, Tue Feb  5 17:16:43 2019
85800, 3019.52, 28.4657, +66.0°C, 2, Tue Feb  5 17:16:47 2019
85900, 3023.04, 28.4172, +67.0°C, 2, Tue Feb  5 17:16:50 2019
86000, 3026.55, 28.49, +66.0°C, 2, Tue Feb  5 17:16:54 2019
86100, 3030.07, 28.393, +66.0°C, 2, Tue Feb  5 17:16:57 2019
86200, 3033.58, 28.5633, +67.0°C, 2, Tue Feb  5 17:17:01 2019
86300, 3037.1, 28.3607, +66.0°C, 2, Tue Feb  5 17:17:04 2019
86400, 3040.64, 28.2247, +67.0°C, 2, Tue Feb  5 17:17:08 2019
86500, 3044.17, 28.3607, +67.0°C, 2, Tue Feb  5 17:17:11 2019
86600, 3047.7, 28.393, +66.0°C, 2, Tue Feb  5 17:17:15 2019
86700, 3051.22, 28.3527, +66.0°C, 2, Tue Feb  5 17:17:18 2019
86800, 3054.75, 28.3527, +66.0°C, 2, Tue Feb  5 17:17:22 2019
86900, 3058.28, 28.2965, +67.0°C, 2, Tue Feb  5 17:17:25 2019
87000, 3061.82, 28.3046, +67.0°C, 2, Tue Feb  5 17:17:29 2019
87100, 3065.34, 28.3527, +66.0°C, 2, Tue Feb  5 17:17:32 2019
87200, 3068.87, 28.4091, +66.0°C, 2, Tue Feb  5 17:17:36 2019
87300, 3072.39, 28.3688, +67.0°C, 2, Tue Feb  5 17:17:39 2019
87400, 3075.92, 28.3126, +67.0°C, 2, Tue Feb  5 17:17:43 2019
87500, 3079.44, 28.4738, +67.0°C, 2, Tue Feb  5 17:17:47 2019
87600, 3082.97, 28.3286, +66.0°C, 2, Tue Feb  5 17:17:50 2019
87700, 3086.49, 28.4172, +67.0°C, 2, Tue Feb  5 17:17:54 2019
87800, 3090.02, 28.3206, +67.0°C, 2, Tue Feb  5 17:17:57 2019
87900, 3093.57, 28.177, +66.0°C, 2, Tue Feb  5 17:18:01 2019
88000, 3097.1, 28.2805, +67.0°C, 2, Tue Feb  5 17:18:04 2019
88100, 3100.61, 28.5063, +67.0°C, 2, Tue Feb  5 17:18:08 2019
88200, 3104.18, 28.0662, +66.0°C, 2, Tue Feb  5 17:18:11 2019
88300, 3107.71, 28.2725, +66.0°C, 2, Tue Feb  5 17:18:15 2019
88400, 3111.24, 28.401, +66.0°C, 2, Tue Feb  5 17:18:18 2019
88500, 3114.76, 28.393, +67.0°C, 2, Tue Feb  5 17:18:22 2019
88600, 3118.3, 28.2247, +67.0°C, 2, Tue Feb  5 17:18:25 2019
88700, 3121.82, 28.393, +67.0°C, 2, Tue Feb  5 17:18:29 2019
88800, 3125.34, 28.4495, +66.0°C, 2, Tue Feb  5 17:18:32 2019
88900, 3128.88, 28.2486, +67.0°C, 2, Tue Feb  5 17:18:36 2019
89000, 3132.39, 28.5388, +67.0°C, 2, Tue Feb  5 17:18:39 2019
89100, 3135.92, 28.2885, +68.0°C, 2, Tue Feb  5 17:18:43 2019
89200, 3139.45, 28.2965, +67.0°C, 2, Tue Feb  5 17:18:47 2019
89300, 3142.97, 28.4657, +67.0°C, 2, Tue Feb  5 17:18:50 2019
89400, 3146.49, 28.3607, +67.0°C, 2, Tue Feb  5 17:18:54 2019
89500, 3150.02, 28.3527, +67.0°C, 2, Tue Feb  5 17:18:57 2019
89600, 3153.54, 28.4333, +66.0°C, 2, Tue Feb  5 17:19:01 2019
89700, 3157.09, 28.2008, +67.0°C, 2, Tue Feb  5 17:19:04 2019
89800, 3160.59, 28.547, +66.0°C, 2, Tue Feb  5 17:19:08 2019
89900, 3164.11, 28.401, +67.0°C, 2, Tue Feb  5 17:19:11 2019
90000, 3167.62, 28.4657, +67.0°C, 2, Tue Feb  5 17:19:15 2019
90100, 3171.14, 28.401, +66.0°C, 2, Tue Feb  5 17:19:18 2019
90200, 3174.69, 28.2167, +68.0°C, 2, Tue Feb  5 17:19:22 2019
90300, 3178.24, 28.2008, +67.0°C, 2, Tue Feb  5 17:19:25 2019
90400, 3181.77, 28.3366, +66.0°C, 2, Tue Feb  5 17:19:29 2019
90500, 3185.27, 28.5063, +66.0°C, 2, Tue Feb  5 17:19:32 2019
90600, 3188.8, 28.3688, +66.0°C, 2, Tue Feb  5 17:19:36 2019
90700, 3192.34, 28.2725, +67.0°C, 2, Tue Feb  5 17:19:39 2019
90800, 3195.86, 28.3688, +68.0°C, 2, Tue Feb  5 17:19:43 2019
90900, 3199.39, 28.3366, +67.0°C, 2, Tue Feb  5 17:19:46 2019
91000, 3202.91, 28.4172, +68.0°C, 2, Tue Feb  5 17:19:50 2019
91100, 3206.45, 28.2326, +67.0°C, 2, Tue Feb  5 17:19:54 2019
91200, 3209.99, 28.2646, +68.0°C, 2, Tue Feb  5 17:19:57 2019
91300, 3213.54, 28.2008, +67.0°C, 2, Tue Feb  5 17:20:01 2019
91400, 3217.06, 28.4091, +66.0°C, 2, Tue Feb  5 17:20:04 2019
91500, 3220.59, 28.3607, +67.0°C, 2, Tue Feb  5 17:20:08 2019
91600, 3224.14, 28.1532, +67.0°C, 2, Tue Feb  5 17:20:11 2019
91700, 3227.67, 28.2965, +66.0°C, 2, Tue Feb  5 17:20:15 2019
91800, 3231.18, 28.5551, +68.0°C, 2, Tue Feb  5 17:20:18 2019
91900, 3234.7, 28.3366, +67.0°C, 2, Tue Feb  5 17:20:22 2019
92000, 3238.23, 28.3366, +66.0°C, 2, Tue Feb  5 17:20:25 2019
92100, 3241.77, 28.3046, +67.0°C, 2, Tue Feb  5 17:20:29 2019
92200, 3245.3, 28.3046, +67.0°C, 2, Tue Feb  5 17:20:32 2019
92300, 3248.83, 28.3688, +67.0°C, 2, Tue Feb  5 17:20:36 2019
92400, 3252.35, 28.4172, +67.0°C, 2, Tue Feb  5 17:20:39 2019
92500, 3255.86, 28.4657, +68.0°C, 2, Tue Feb  5 17:20:43 2019
92600, 3259.39, 28.3607, +67.0°C, 2, Tue Feb  5 17:20:46 2019
92700, 3262.91, 28.3688, +67.0°C, 2, Tue Feb  5 17:20:50 2019
92800, 3266.42, 28.4738, +68.0°C, 2, Tue Feb  5 17:20:54 2019
92900, 3269.95, 28.3447, +68.0°C, 2, Tue Feb  5 17:20:57 2019
93000, 3273.5, 28.177, +67.0°C, 2, Tue Feb  5 17:21:01 2019
93100, 3277.04, 28.2885, +67.0°C, 2, Tue Feb  5 17:21:04 2019
93200, 3280.57, 28.3126, +67.0°C, 2, Tue Feb  5 17:21:08 2019
93300, 3284.1, 28.3046, +67.0°C, 2, Tue Feb  5 17:21:11 2019
93400, 3287.63, 28.401, +67.0°C, 2, Tue Feb  5 17:21:15 2019
93500, 3291.18, 28.1136, +67.0°C, 2, Tue Feb  5 17:21:18 2019
93600, 3294.72, 28.2566, +67.0°C, 2, Tue Feb  5 17:21:22 2019
93700, 3298.26, 28.2805, +68.0°C, 2, Tue Feb  5 17:21:25 2019
93800, 3301.8, 28.2566, +67.0°C, 2, Tue Feb  5 17:21:29 2019
93900, 3305.32, 28.4252, +67.0°C, 2, Tue Feb  5 17:21:32 2019
94000, 3308.86, 28.2566, +68.0°C, 2, Tue Feb  5 17:21:36 2019
94100, 3312.39, 28.3126, +67.0°C, 2, Tue Feb  5 17:21:39 2019
94200, 3315.91, 28.4252, +68.0°C, 2, Tue Feb  5 17:21:43 2019
94300, 3319.44, 28.3447, +67.0°C, 2, Tue Feb  5 17:21:47 2019
94400, 3322.97, 28.2725, +67.0°C, 2, Tue Feb  5 17:21:50 2019
94500, 3326.5, 28.3366, +67.0°C, 2, Tue Feb  5 17:21:54 2019
94600, 3330.04, 28.3046, +67.0°C, 2, Tue Feb  5 17:21:57 2019
94700, 3333.56, 28.3768, +66.0°C, 2, Tue Feb  5 17:22:01 2019
94800, 3337.1, 28.2486, +67.0°C, 2, Tue Feb  5 17:22:04 2019
94900, 3340.64, 28.2965, +67.0°C, 2, Tue Feb  5 17:22:08 2019
95000, 3344.14, 28.5225, +67.0°C, 2, Tue Feb  5 17:22:11 2019
95100, 3347.66, 28.4172, +66.0°C, 2, Tue Feb  5 17:22:15 2019
95200, 3351.2, 28.2725, +66.0°C, 2, Tue Feb  5 17:22:18 2019
95300, 3354.73, 28.3206, +67.0°C, 2, Tue Feb  5 17:22:22 2019
95400, 3358.26, 28.3527, +68.0°C, 2, Tue Feb  5 17:22:25 2019
95500, 3361.79, 28.3527, +67.0°C, 2, Tue Feb  5 17:22:29 2019
95600, 3365.32, 28.3366, +68.0°C, 2, Tue Feb  5 17:22:32 2019
95700, 3368.85, 28.3206, +68.0°C, 2, Tue Feb  5 17:22:36 2019
95800, 3372.36, 28.5144, +67.0°C, 2, Tue Feb  5 17:22:39 2019
95900, 3375.87, 28.4819, +68.0°C, 2, Tue Feb  5 17:22:43 2019
96000, 3379.41, 28.2725, +67.0°C, 2, Tue Feb  5 17:22:46 2019
96100, 3382.93, 28.3286, +67.0°C, 2, Tue Feb  5 17:22:50 2019
96200, 3386.47, 28.2646, +67.0°C, 2, Tue Feb  5 17:22:54 2019
96300, 3390.01, 28.2885, +67.0°C, 2, Tue Feb  5 17:22:57 2019
96400, 3393.54, 28.3366, +68.0°C, 2, Tue Feb  5 17:23:01 2019
96500, 3397.07, 28.2885, +67.0°C, 2, Tue Feb  5 17:23:04 2019
96600, 3400.61, 28.3046, +68.0°C, 2, Tue Feb  5 17:23:08 2019
96700, 3404.12, 28.4576, +68.0°C, 2, Tue Feb  5 17:23:11 2019
96800, 3407.67, 28.2167, +68.0°C, 2, Tue Feb  5 17:23:15 2019
96900, 3411.19, 28.393, +67.0°C, 2, Tue Feb  5 17:23:18 2019
97000, 3414.72, 28.3126, +67.0°C, 2, Tue Feb  5 17:23:22 2019
97100, 3418.24, 28.4738, +68.0°C, 2, Tue Feb  5 17:23:25 2019
97200, 3421.77, 28.2646, +68.0°C, 2, Tue Feb  5 17:23:29 2019
97300, 3425.32, 28.2486, +67.0°C, 2, Tue Feb  5 17:23:32 2019
97400, 3428.84, 28.3286, +68.0°C, 2, Tue Feb  5 17:23:36 2019
97500, 3432.37, 28.3447, +67.0°C, 2, Tue Feb  5 17:23:39 2019
97600, 3435.89, 28.401, +68.0°C, 2, Tue Feb  5 17:23:43 2019
97700, 3439.43, 28.3126, +67.0°C, 2, Tue Feb  5 17:23:47 2019
97800, 3442.95, 28.3607, +68.0°C, 2, Tue Feb  5 17:23:50 2019
97900, 3446.49, 28.3046, +67.0°C, 2, Tue Feb  5 17:23:54 2019
98000, 3450.01, 28.401, +67.0°C, 2, Tue Feb  5 17:23:57 2019
98100, 3453.54, 28.3366, +67.0°C, 2, Tue Feb  5 17:24:01 2019
98200, 3457.05, 28.4414, +67.0°C, 2, Tue Feb  5 17:24:04 2019
98300, 3460.61, 28.169, +67.0°C, 2, Tue Feb  5 17:24:08 2019
98400, 3464.16, 28.177, +68.0°C, 2, Tue Feb  5 17:24:11 2019
98500, 3467.69, 28.3366, +68.0°C, 2, Tue Feb  5 17:24:15 2019
98600, 3471.22, 28.2566, +68.0°C, 2, Tue Feb  5 17:24:18 2019
98700, 3474.76, 28.2486, +67.0°C, 2, Tue Feb  5 17:24:22 2019
98800, 3478.29, 28.3447, +67.0°C, 2, Tue Feb  5 17:24:25 2019
98900, 3481.82, 28.3206, +68.0°C, 2, Tue Feb  5 17:24:29 2019
99000, 3485.35, 28.3447, +67.0°C, 2, Tue Feb  5 17:24:32 2019
99100, 3488.91, 28.1532, +67.0°C, 2, Tue Feb  5 17:24:36 2019
99200, 3492.44, 28.3126, +67.0°C, 2, Tue Feb  5 17:24:40 2019
99300, 3495.98, 28.2326, +68.0°C, 2, Tue Feb  5 17:24:43 2019
99400, 3499.51, 28.3447, +68.0°C, 2, Tue Feb  5 17:24:47 2019
99500, 3503.01, 28.5388, +68.0°C, 2, Tue Feb  5 17:24:50 2019
99600, 3506.54, 28.3447, +68.0°C, 2, Tue Feb  5 17:24:54 2019
99700, 3510.06, 28.4172, +68.0°C, 2, Tue Feb  5 17:24:57 2019
99800, 3513.6, 28.2406, +67.0°C, 2, Tue Feb  5 17:25:01 2019
99900, 3517.12, 28.4576, +67.0°C, 2, Tue Feb  5 17:25:04 2019
100000, 3520.66, 28.2406, +67.0°C, 2, Tue Feb  5 17:25:08 2019
100100, 3524.2, 28.2885, +68.0°C, 2, Tue Feb  5 17:25:11 2019
100200, 3527.71, 28.4576, +68.0°C, 2, Tue Feb  5 17:25:15 2019
100300, 3531.23, 28.3768, +67.0°C, 2, Tue Feb  5 17:25:18 2019
100400, 3534.77, 28.3126, +68.0°C, 2, Tue Feb  5 17:25:22 2019
100500, 3538.28, 28.4819, +67.0°C, 2, Tue Feb  5 17:25:25 2019
100600, 3541.82, 28.2566, +67.0°C, 2, Tue Feb  5 17:25:29 2019
100700, 3545.34, 28.4172, +67.0°C, 2, Tue Feb  5 17:25:32 2019
100800, 3548.86, 28.4252, +68.0°C, 2, Tue Feb  5 17:25:36 2019
100900, 3552.39, 28.3126, +68.0°C, 2, Tue Feb  5 17:25:39 2019
101000, 3555.91, 28.393, +69.0°C, 2, Tue Feb  5 17:25:43 2019
101100, 3559.43, 28.4657, +68.0°C, 2, Tue Feb  5 17:25:47 2019
101200, 3562.98, 28.1532, +67.0°C, 2, Tue Feb  5 17:25:50 2019
101300, 3566.49, 28.4819, +68.0°C, 2, Tue Feb  5 17:25:54 2019
101400, 3570.03, 28.2646, +68.0°C, 2, Tue Feb  5 17:25:57 2019
101500, 3573.56, 28.3206, +67.0°C, 2, Tue Feb  5 17:26:01 2019
101600, 3577.08, 28.401, +67.0°C, 2, Tue Feb  5 17:26:04 2019
101700, 3580.61, 28.3126, +68.0°C, 2, Tue Feb  5 17:26:08 2019
101800, 3584.14, 28.401, +68.0°C, 2, Tue Feb  5 17:26:11 2019
101900, 3587.64, 28.5388, +68.0°C, 2, Tue Feb  5 17:26:15 2019
102000, 3591.17, 28.3527, +67.0°C, 2, Tue Feb  5 17:26:18 2019
102100, 3594.69, 28.4172, +68.0°C, 2, Tue Feb  5 17:26:22 2019
102200, 3598.22, 28.2805, +67.0°C, 2, Tue Feb  5 17:26:25 2019
102300, 3601.73, 28.5307, +67.0°C, 2, Tue Feb  5 17:26:29 2019
102400, 3605.24, 28.4495, +67.0°C, 2, Tue Feb  5 17:26:32 2019
102500, 3608.78, 28.2965, +68.0°C, 2, Tue Feb  5 17:26:36 2019
102600, 3612.28, 28.5633, +69.0°C, 2, Tue Feb  5 17:26:39 2019
102700, 3615.81, 28.3447, +69.0°C, 2, Tue Feb  5 17:26:43 2019
102800, 3619.32, 28.4576, +68.0°C, 2, Tue Feb  5 17:26:46 2019
102900, 3622.85, 28.3849, +68.0°C, 2, Tue Feb  5 17:26:50 2019
103000, 3626.38, 28.3447, +68.0°C, 2, Tue Feb  5 17:26:53 2019
103100, 3629.89, 28.4576, +68.0°C, 2, Tue Feb  5 17:26:57 2019
103200, 3633.46, 28.0348, +68.0°C, 2, Tue Feb  5 17:27:01 2019
103300, 3637, 28.2247, +68.0°C, 2, Tue Feb  5 17:27:04 2019
103400, 3640.55, 28.2326, +68.0°C, 2, Tue Feb  5 17:27:08 2019
103500, 3644.07, 28.3286, +68.0°C, 2, Tue Feb  5 17:27:11 2019
103600, 3647.59, 28.4172, +68.0°C, 2, Tue Feb  5 17:27:15 2019
103700, 3651.12, 28.393, +68.0°C, 2, Tue Feb  5 17:27:18 2019
103800, 3654.64, 28.3768, +68.0°C, 2, Tue Feb  5 17:27:22 2019
103900, 3658.18, 28.2965, +68.0°C, 2, Tue Feb  5 17:27:25 2019
104000, 3661.72, 28.2406, +69.0°C, 2, Tue Feb  5 17:27:29 2019
104100, 3665.24, 28.393, +68.0°C, 2, Tue Feb  5 17:27:32 2019
104200, 3668.77, 28.3447, +67.0°C, 2, Tue Feb  5 17:27:36 2019
104300, 3672.29, 28.3849, +68.0°C, 2, Tue Feb  5 17:27:39 2019
104400, 3675.8, 28.4738, +68.0°C, 2, Tue Feb  5 17:27:43 2019
104500, 3679.35, 28.2486, +68.0°C, 2, Tue Feb  5 17:27:46 2019
104600, 3682.9, 28.1136, +67.0°C, 2, Tue Feb  5 17:27:50 2019
104700, 3686.46, 28.1136, +68.0°C, 2, Tue Feb  5 17:27:54 2019
104800, 3689.98, 28.4576, +69.0°C, 2, Tue Feb  5 17:27:57 2019
104900, 3693.51, 28.2805, +68.0°C, 2, Tue Feb  5 17:28:01 2019
105000, 3697.04, 28.3688, +68.0°C, 2, Tue Feb  5 17:28:04 2019
105100, 3700.57, 28.3527, +68.0°C, 2, Tue Feb  5 17:28:08 2019
105200, 3704.1, 28.3206, +68.0°C, 2, Tue Feb  5 17:28:11 2019
105300, 3707.62, 28.3607, +68.0°C, 2, Tue Feb  5 17:28:15 2019
105400, 3711.14, 28.4495, +68.0°C, 2, Tue Feb  5 17:28:18 2019
105500, 3714.67, 28.3447, +68.0°C, 2, Tue Feb  5 17:28:22 2019
105600, 3718.17, 28.5307, +68.0°C, 2, Tue Feb  5 17:28:25 2019
105700, 3721.71, 28.3126, +68.0°C, 2, Tue Feb  5 17:28:29 2019
105800, 3725.23, 28.3688, +68.0°C, 2, Tue Feb  5 17:28:32 2019
105900, 3728.78, 28.2167, +68.0°C, 2, Tue Feb  5 17:28:36 2019
106000, 3732.3, 28.4172, +68.0°C, 2, Tue Feb  5 17:28:39 2019
106100, 3735.83, 28.3126, +69.0°C, 2, Tue Feb  5 17:28:43 2019
106200, 3739.36, 28.3527, +68.0°C, 2, Tue Feb  5 17:28:46 2019
106300, 3742.9, 28.2486, +68.0°C, 2, Tue Feb  5 17:28:50 2019
106400, 3746.42, 28.3447, +68.0°C, 2, Tue Feb  5 17:28:54 2019
106500, 3749.95, 28.3607, +68.0°C, 2, Tue Feb  5 17:28:57 2019
106600, 3753.47, 28.4333, +68.0°C, 2, Tue Feb  5 17:29:01 2019
106700, 3757, 28.2965, +68.0°C, 2, Tue Feb  5 17:29:04 2019
106800, 3760.54, 28.3046, +68.0°C, 2, Tue Feb  5 17:29:08 2019
106900, 3764.08, 28.2167, +68.0°C, 2, Tue Feb  5 17:29:11 2019
107000, 3767.62, 28.2406, +68.0°C, 2, Tue Feb  5 17:29:15 2019
107100, 3771.16, 28.2965, +68.0°C, 2, Tue Feb  5 17:29:18 2019
107200, 3774.69, 28.3126, +69.0°C, 2, Tue Feb  5 17:29:22 2019
107300, 3778.24, 28.2087, +68.0°C, 2, Tue Feb  5 17:29:25 2019
107400, 3781.79, 28.177, +68.0°C, 2, Tue Feb  5 17:29:29 2019
107500, 3785.33, 28.1928, +68.0°C, 2, Tue Feb  5 17:29:32 2019
107600, 3788.87, 28.2566, +68.0°C, 2, Tue Feb  5 17:29:36 2019
107700, 3792.4, 28.3607, +68.0°C, 2, Tue Feb  5 17:29:39 2019
107800, 3795.92, 28.401, +69.0°C, 2, Tue Feb  5 17:29:43 2019
107900, 3799.45, 28.3206, +68.0°C, 2, Tue Feb  5 17:29:47 2019
108000, 3802.99, 28.3126, +67.0°C, 2, Tue Feb  5 17:29:50 2019
108100, 3806.53, 28.2566, +68.0°C, 2, Tue Feb  5 17:29:54 2019
108200, 3810.08, 28.1057, +69.0°C, 2, Tue Feb  5 17:29:57 2019
108300, 3813.62, 28.2885, +68.0°C, 2, Tue Feb  5 17:30:01 2019
108400, 3817.15, 28.3206, +68.0°C, 2, Tue Feb  5 17:30:04 2019
108500, 3820.7, 28.1611, +68.0°C, 2, Tue Feb  5 17:30:08 2019
108600, 3824.22, 28.3849, +68.0°C, 2, Tue Feb  5 17:30:11 2019
108700, 3827.74, 28.4172, +68.0°C, 2, Tue Feb  5 17:30:15 2019
108800, 3831.28, 28.2965, +68.0°C, 2, Tue Feb  5 17:30:18 2019
108900, 3834.79, 28.5225, +69.0°C, 2, Tue Feb  5 17:30:22 2019
109000, 3838.3, 28.4252, +68.0°C, 2, Tue Feb  5 17:30:25 2019
109100, 3841.83, 28.3607, +68.0°C, 2, Tue Feb  5 17:30:29 2019
109200, 3845.35, 28.401, +68.0°C, 2, Tue Feb  5 17:30:32 2019
109300, 3848.88, 28.3206, +68.0°C, 2, Tue Feb  5 17:30:36 2019
109400, 3852.4, 28.4172, +68.0°C, 2, Tue Feb  5 17:30:39 2019
109500, 3855.95, 28.2167, +69.0°C, 2, Tue Feb  5 17:30:43 2019
109600, 3859.49, 28.1928, +68.0°C, 2, Tue Feb  5 17:30:47 2019
109700, 3863.01, 28.4495, +68.0°C, 2, Tue Feb  5 17:30:50 2019
109800, 3866.56, 28.1849, +68.0°C, 2, Tue Feb  5 17:30:54 2019
109900, 3870.1, 28.2566, +68.0°C, 2, Tue Feb  5 17:30:57 2019
110000, 3873.64, 28.2646, +68.0°C, 2, Tue Feb  5 17:31:01 2019
110100, 3877.17, 28.3126, +68.0°C, 2, Tue Feb  5 17:31:04 2019
110200, 3880.69, 28.4414, +68.0°C, 2, Tue Feb  5 17:31:08 2019
110300, 3884.22, 28.3126, +68.0°C, 2, Tue Feb  5 17:31:11 2019
110400, 3887.74, 28.4333, +68.0°C, 2, Tue Feb  5 17:31:15 2019
110500, 3891.26, 28.3688, +68.0°C, 2, Tue Feb  5 17:31:18 2019
110600, 3894.79, 28.3366, +68.0°C, 2, Tue Feb  5 17:31:22 2019
110700, 3898.31, 28.4657, +68.0°C, 2, Tue Feb  5 17:31:25 2019
110800, 3901.82, 28.4414, +68.0°C, 2, Tue Feb  5 17:31:29 2019
110900, 3905.37, 28.1928, +68.0°C, 2, Tue Feb  5 17:31:32 2019
111000, 3908.92, 28.1611, +68.0°C, 2, Tue Feb  5 17:31:36 2019
111100, 3912.46, 28.2486, +68.0°C, 2, Tue Feb  5 17:31:40 2019
111200, 3915.99, 28.3527, +69.0°C, 2, Tue Feb  5 17:31:43 2019
111300, 3919.53, 28.2965, +68.0°C, 2, Tue Feb  5 17:31:47 2019
111400, 3923.04, 28.4333, +69.0°C, 2, Tue Feb  5 17:31:50 2019
111500, 3926.57, 28.3447, +68.0°C, 2, Tue Feb  5 17:31:54 2019
111600, 3930.08, 28.4819, +69.0°C, 2, Tue Feb  5 17:31:57 2019
111700, 3933.64, 28.1373, +68.0°C, 2, Tue Feb  5 17:32:01 2019
111800, 3937.16, 28.3688, +69.0°C, 2, Tue Feb  5 17:32:04 2019
111900, 3940.68, 28.4414, +68.0°C, 2, Tue Feb  5 17:32:08 2019
112000, 3944.22, 28.2885, +68.0°C, 2, Tue Feb  5 17:32:11 2019
112100, 3947.75, 28.2725, +69.0°C, 2, Tue Feb  5 17:32:15 2019
112200, 3951.28, 28.3447, +70.0°C, 2, Tue Feb  5 17:32:18 2019
112300, 3954.82, 28.2805, +68.0°C, 2, Tue Feb  5 17:32:22 2019
112400, 3958.34, 28.401, +68.0°C, 2, Tue Feb  5 17:32:25 2019
112500, 3961.89, 28.1294, +69.0°C, 2, Tue Feb  5 17:32:29 2019
112600, 3965.41, 28.49, +68.0°C, 2, Tue Feb  5 17:32:32 2019
112700, 3968.94, 28.2885, +68.0°C, 2, Tue Feb  5 17:32:36 2019
112800, 3972.48, 28.2805, +69.0°C, 2, Tue Feb  5 17:32:40 2019
112900, 3976.01, 28.2965, +70.0°C, 2, Tue Feb  5 17:32:43 2019
113000, 3979.53, 28.3849, +68.0°C, 2, Tue Feb  5 17:32:47 2019
113100, 3983.07, 28.2725, +68.0°C, 2, Tue Feb  5 17:32:50 2019
113200, 3986.6, 28.3527, +68.0°C, 2, Tue Feb  5 17:32:54 2019
113300, 3990.14, 28.2406, +69.0°C, 2, Tue Feb  5 17:32:57 2019
113400, 3993.68, 28.3046, +68.0°C, 2, Tue Feb  5 17:33:01 2019
113500, 3997.22, 28.2326, +68.0°C, 2, Tue Feb  5 17:33:04 2019
113600, 4000.75, 28.3046, +68.0°C, 2, Tue Feb  5 17:33:08 2019
113700, 4004.28, 28.3046, +69.0°C, 2, Tue Feb  5 17:33:11 2019
113800, 4007.81, 28.3849, +68.0°C, 2, Tue Feb  5 17:33:15 2019
113900, 4011.35, 28.2087, +69.0°C, 2, Tue Feb  5 17:33:18 2019
114000, 4014.89, 28.2646, +68.0°C, 2, Tue Feb  5 17:33:22 2019
114100, 4018.44, 28.2167, +68.0°C, 2, Tue Feb  5 17:33:26 2019
114200, 4021.96, 28.3768, +68.0°C, 2, Tue Feb  5 17:33:29 2019
114300, 4025.5, 28.2805, +68.0°C, 2, Tue Feb  5 17:33:33 2019
114400, 4029.04, 28.2167, +69.0°C, 2, Tue Feb  5 17:33:36 2019
114500, 4032.56, 28.4495, +68.0°C, 2, Tue Feb  5 17:33:40 2019
114600, 4036.11, 28.1373, +68.0°C, 2, Tue Feb  5 17:33:43 2019
114700, 4039.64, 28.3046, +69.0°C, 2, Tue Feb  5 17:33:47 2019
114800, 4043.16, 28.4576, +69.0°C, 2, Tue Feb  5 17:33:50 2019
114900, 4046.68, 28.3768, +69.0°C, 2, Tue Feb  5 17:33:54 2019
115000, 4050.22, 28.2486, +68.0°C, 2, Tue Feb  5 17:33:57 2019
115100, 4053.78, 28.1611, +68.0°C, 2, Tue Feb  5 17:34:01 2019
115200, 4057.3, 28.3607, +69.0°C, 2, Tue Feb  5 17:34:04 2019
115300, 4060.83, 28.3768, +68.0°C, 2, Tue Feb  5 17:34:08 2019
115400, 4064.36, 28.2646, +68.0°C, 2, Tue Feb  5 17:34:11 2019
115500, 4067.9, 28.2646, +68.0°C, 2, Tue Feb  5 17:34:15 2019
115600, 4071.43, 28.3286, +69.0°C, 2, Tue Feb  5 17:34:19 2019
115700, 4074.95, 28.4495, +69.0°C, 2, Tue Feb  5 17:34:22 2019
115800, 4078.5, 28.1928, +69.0°C, 2, Tue Feb  5 17:34:26 2019
115900, 4082.01, 28.4738, +69.0°C, 2, Tue Feb  5 17:34:29 2019
116000, 4085.55, 28.2566, +68.0°C, 2, Tue Feb  5 17:34:33 2019
116100, 4089.08, 28.3126, +68.0°C, 2, Tue Feb  5 17:34:36 2019
116200, 4092.61, 28.3607, +68.0°C, 2, Tue Feb  5 17:34:40 2019
116300, 4096.12, 28.4738, +69.0°C, 2, Tue Feb  5 17:34:43 2019
116400, 4099.63, 28.4576, +68.0°C, 2, Tue Feb  5 17:34:47 2019
116500, 4103.14, 28.5225, +68.0°C, 2, Tue Feb  5 17:34:50 2019
116600, 4106.68, 28.2725, +69.0°C, 2, Tue Feb  5 17:34:54 2019
116700, 4110.21, 28.2885, +68.0°C, 2, Tue Feb  5 17:34:57 2019
116800, 4113.75, 28.3126, +69.0°C, 2, Tue Feb  5 17:35:01 2019
116900, 4117.26, 28.4657, +68.0°C, 2, Tue Feb  5 17:35:04 2019
117000, 4120.81, 28.1849, +68.0°C, 2, Tue Feb  5 17:35:08 2019
117100, 4124.35, 28.2406, +69.0°C, 2, Tue Feb  5 17:35:11 2019
117200, 4127.88, 28.3607, +68.0°C, 2, Tue Feb  5 17:35:15 2019
117300, 4131.4, 28.3527, +69.0°C, 2, Tue Feb  5 17:35:18 2019
117400, 4134.92, 28.4172, +69.0°C, 2, Tue Feb  5 17:35:22 2019
117500, 4138.46, 28.3046, +68.0°C, 2, Tue Feb  5 17:35:26 2019
117600, 4141.98, 28.4091, +68.0°C, 2, Tue Feb  5 17:35:29 2019
117700, 4145.51, 28.3046, +70.0°C, 2, Tue Feb  5 17:35:33 2019
117800, 4149.03, 28.4172, +68.0°C, 2, Tue Feb  5 17:35:36 2019
117900, 4152.57, 28.2486, +68.0°C, 2, Tue Feb  5 17:35:40 2019
118000, 4156.11, 28.2326, +69.0°C, 2, Tue Feb  5 17:35:43 2019
118100, 4159.64, 28.3447, +69.0°C, 2, Tue Feb  5 17:35:47 2019
118200, 4163.18, 28.2566, +69.0°C, 2, Tue Feb  5 17:35:50 2019
118300, 4166.71, 28.3206, +69.0°C, 2, Tue Feb  5 17:35:54 2019
118400, 4170.24, 28.3527, +70.0°C, 2, Tue Feb  5 17:35:57 2019
118500, 4173.78, 28.2646, +69.0°C, 2, Tue Feb  5 17:36:01 2019
118600, 4177.31, 28.3206, +69.0°C, 2, Tue Feb  5 17:36:04 2019
118700, 4180.84, 28.3366, +69.0°C, 2, Tue Feb  5 17:36:08 2019
118800, 4184.35, 28.4414, +69.0°C, 2, Tue Feb  5 17:36:11 2019
118900, 4187.9, 28.2087, +68.0°C, 2, Tue Feb  5 17:36:15 2019
119000, 4191.44, 28.2566, +69.0°C, 2, Tue Feb  5 17:36:19 2019
119100, 4194.95, 28.49, +70.0°C, 2, Tue Feb  5 17:36:22 2019
119200, 4198.49, 28.2247, +69.0°C, 2, Tue Feb  5 17:36:26 2019
119300, 4202.02, 28.3849, +69.0°C, 2, Tue Feb  5 17:36:29 2019
119400, 4205.56, 28.2725, +69.0°C, 2, Tue Feb  5 17:36:33 2019
119500, 4209.09, 28.2965, +69.0°C, 2, Tue Feb  5 17:36:36 2019
119600, 4212.61, 28.4252, +68.0°C, 2, Tue Feb  5 17:36:40 2019
119700, 4216.14, 28.3286, +69.0°C, 2, Tue Feb  5 17:36:43 2019
119800, 4219.65, 28.4333, +69.0°C, 2, Tue Feb  5 17:36:47 2019
119900, 4223.19, 28.2965, +69.0°C, 2, Tue Feb  5 17:36:50 2019
120000, 4226.74, 28.1532, +69.0°C, 2, Tue Feb  5 17:36:54 2019
120100, 4230.28, 28.2646, +69.0°C, 2, Tue Feb  5 17:36:57 2019
120200, 4233.82, 28.2885, +69.0°C, 2, Tue Feb  5 17:37:01 2019
120300, 4237.35, 28.2885, +69.0°C, 2, Tue Feb  5 17:37:04 2019
120400, 4240.89, 28.2965, +68.0°C, 2, Tue Feb  5 17:37:08 2019
120500, 4244.43, 28.2406, +69.0°C, 2, Tue Feb  5 17:37:12 2019
120600, 4247.98, 28.1532, +69.0°C, 2, Tue Feb  5 17:37:15 2019
120700, 4251.51, 28.3688, +68.0°C, 2, Tue Feb  5 17:37:19 2019
120800, 4255.03, 28.4091, +68.0°C, 2, Tue Feb  5 17:37:22 2019
120900, 4258.56, 28.3527, +69.0°C, 2, Tue Feb  5 17:37:26 2019
121000, 4262.09, 28.3286, +69.0°C, 2, Tue Feb  5 17:37:29 2019
121100, 4265.64, 28.1452, +69.0°C, 2, Tue Feb  5 17:37:33 2019
121200, 4269.18, 28.2247, +68.0°C, 2, Tue Feb  5 17:37:36 2019
121300, 4272.69, 28.5144, +69.0°C, 2, Tue Feb  5 17:37:40 2019
121400, 4276.22, 28.3286, +69.0°C, 2, Tue Feb  5 17:37:43 2019
121500, 4279.75, 28.3126, +69.0°C, 2, Tue Feb  5 17:37:47 2019
121600, 4283.28, 28.3768, +70.0°C, 2, Tue Feb  5 17:37:50 2019
121700, 4286.81, 28.3447, +69.0°C, 2, Tue Feb  5 17:37:54 2019
121800, 4290.34, 28.2965, +69.0°C, 2, Tue Feb  5 17:37:57 2019
121900, 4293.86, 28.401, +68.0°C, 2, Tue Feb  5 17:38:01 2019
122000, 4297.4, 28.3046, +69.0°C, 2, Tue Feb  5 17:38:04 2019
122100, 4300.91, 28.4738, +68.0°C, 2, Tue Feb  5 17:38:08 2019
122200, 4304.44, 28.2885, +69.0°C, 2, Tue Feb  5 17:38:12 2019
122300, 4307.99, 28.2247, +69.0°C, 2, Tue Feb  5 17:38:15 2019
122400, 4311.52, 28.2885, +69.0°C, 2, Tue Feb  5 17:38:19 2019
122500, 4315.05, 28.3286, +70.0°C, 2, Tue Feb  5 17:38:22 2019
122600, 4318.58, 28.401, +69.0°C, 2, Tue Feb  5 17:38:26 2019
122700, 4322.1, 28.3688, +69.0°C, 2, Tue Feb  5 17:38:29 2019
122800, 4325.64, 28.2326, +69.0°C, 2, Tue Feb  5 17:38:33 2019
122900, 4329.17, 28.3447, +69.0°C, 2, Tue Feb  5 17:38:36 2019
123000, 4332.7, 28.3849, +69.0°C, 2, Tue Feb  5 17:38:40 2019
123100, 4336.23, 28.3206, +69.0°C, 2, Tue Feb  5 17:38:43 2019
123200, 4339.77, 28.2566, +69.0°C, 2, Tue Feb  5 17:38:47 2019
123300, 4343.28, 28.4495, +70.0°C, 2, Tue Feb  5 17:38:50 2019
123400, 4346.82, 28.2805, +70.0°C, 2, Tue Feb  5 17:38:54 2019
123500, 4350.33, 28.4819, +70.0°C, 2, Tue Feb  5 17:38:57 2019
123600, 4353.87, 28.2646, +69.0°C, 2, Tue Feb  5 17:39:01 2019
123700, 4357.41, 28.2326, +69.0°C, 2, Tue Feb  5 17:39:04 2019
123800, 4360.95, 28.2885, +70.0°C, 2, Tue Feb  5 17:39:08 2019
123900, 4364.48, 28.3126, +69.0°C, 2, Tue Feb  5 17:39:12 2019
124000, 4368, 28.3768, +69.0°C, 2, Tue Feb  5 17:39:15 2019
124100, 4371.52, 28.4333, +69.0°C, 2, Tue Feb  5 17:39:19 2019
124200, 4375.07, 28.2087, +70.0°C, 2, Tue Feb  5 17:39:22 2019
124300, 4378.61, 28.2247, +69.0°C, 2, Tue Feb  5 17:39:26 2019
124400, 4382.13, 28.401, +68.0°C, 2, Tue Feb  5 17:39:29 2019
124500, 4385.66, 28.3126, +68.0°C, 2, Tue Feb  5 17:39:33 2019
124600, 4389.19, 28.3607, +70.0°C, 2, Tue Feb  5 17:39:36 2019
124700, 4392.74, 28.169, +69.0°C, 2, Tue Feb  5 17:39:40 2019
124800, 4396.27, 28.3286, +69.0°C, 2, Tue Feb  5 17:39:43 2019
124900, 4399.78, 28.4981, +70.0°C, 2, Tue Feb  5 17:39:47 2019
125000, 4403.32, 28.2486, +70.0°C, 2, Tue Feb  5 17:39:50 2019
125100, 4406.84, 28.4576, +69.0°C, 2, Tue Feb  5 17:39:54 2019
125200, 4410.35, 28.4091, +69.0°C, 2, Tue Feb  5 17:39:57 2019
125300, 4413.9, 28.1849, +69.0°C, 2, Tue Feb  5 17:40:01 2019
125400, 4417.46, 28.1215, +70.0°C, 2, Tue Feb  5 17:40:05 2019
125500, 4421, 28.2326, +69.0°C, 2, Tue Feb  5 17:40:08 2019
125600, 4424.53, 28.3607, +69.0°C, 2, Tue Feb  5 17:40:12 2019
125700, 4428.07, 28.2725, +69.0°C, 2, Tue Feb  5 17:40:15 2019
125800, 4431.59, 28.393, +69.0°C, 2, Tue Feb  5 17:40:19 2019
125900, 4435.12, 28.3046, +69.0°C, 2, Tue Feb  5 17:40:22 2019
126000, 4438.66, 28.2646, +69.0°C, 2, Tue Feb  5 17:40:26 2019
126100, 4442.22, 28.0899, +69.0°C, 2, Tue Feb  5 17:40:29 2019
126200, 4445.73, 28.5225, +69.0°C, 2, Tue Feb  5 17:40:33 2019
126300, 4449.27, 28.2566, +70.0°C, 2, Tue Feb  5 17:40:36 2019
126400, 4452.81, 28.2486, +68.0°C, 2, Tue Feb  5 17:40:40 2019
126500, 4456.34, 28.3447, +70.0°C, 2, Tue Feb  5 17:40:43 2019
126600, 4459.87, 28.3046, +69.0°C, 2, Tue Feb  5 17:40:47 2019
126700, 4463.42, 28.1928, +70.0°C, 2, Tue Feb  5 17:40:50 2019
126800, 4466.96, 28.2486, +70.0°C, 2, Tue Feb  5 17:40:54 2019
126900, 4470.49, 28.3046, +69.0°C, 2, Tue Feb  5 17:40:58 2019
127000, 4474.03, 28.2885, +69.0°C, 2, Tue Feb  5 17:41:01 2019
127100, 4477.55, 28.4172, +69.0°C, 2, Tue Feb  5 17:41:05 2019
127200, 4481.08, 28.3286, +69.0°C, 2, Tue Feb  5 17:41:08 2019
127300, 4484.61, 28.3286, +70.0°C, 2, Tue Feb  5 17:41:12 2019
127400, 4488.16, 28.1611, +69.0°C, 2, Tue Feb  5 17:41:15 2019
127500, 4491.68, 28.4172, +69.0°C, 2, Tue Feb  5 17:41:19 2019
127600, 4495.18, 28.5388, +70.0°C, 2, Tue Feb  5 17:41:22 2019
127700, 4498.7, 28.4576, +69.0°C, 2, Tue Feb  5 17:41:26 2019
127800, 4502.22, 28.3527, +70.0°C, 2, Tue Feb  5 17:41:29 2019
127900, 4505.73, 28.4819, +69.0°C, 2, Tue Feb  5 17:41:33 2019
128000, 4509.26, 28.4091, +70.0°C, 2, Tue Feb  5 17:41:36 2019
128100, 4512.77, 28.4414, +69.0°C, 2, Tue Feb  5 17:41:40 2019
128200, 4516.3, 28.3206, +69.0°C, 2, Tue Feb  5 17:41:43 2019
128300, 4519.83, 28.3447, +70.0°C, 2, Tue Feb  5 17:41:47 2019
128400, 4523.34, 28.4738, +70.0°C, 2, Tue Feb  5 17:41:50 2019
128500, 4526.88, 28.3046, +69.0°C, 2, Tue Feb  5 17:41:54 2019
128600, 4530.39, 28.4981, +70.0°C, 2, Tue Feb  5 17:41:57 2019
128700, 4533.9, 28.4333, +69.0°C, 2, Tue Feb  5 17:42:01 2019
128800, 4537.44, 28.2646, +70.0°C, 2, Tue Feb  5 17:42:05 2019
128900, 4540.98, 28.2965, +70.0°C, 2, Tue Feb  5 17:42:08 2019
129000, 4544.52, 28.2326, +70.0°C, 2, Tue Feb  5 17:42:12 2019
129100, 4548.05, 28.3527, +70.0°C, 2, Tue Feb  5 17:42:15 2019
129200, 4551.58, 28.2805, +70.0°C, 2, Tue Feb  5 17:42:19 2019
129300, 4555.11, 28.401, +70.0°C, 2, Tue Feb  5 17:42:22 2019
129400, 4558.61, 28.547, +69.0°C, 2, Tue Feb  5 17:42:26 2019
129500, 4562.13, 28.4252, +69.0°C, 2, Tue Feb  5 17:42:29 2019
129600, 4565.63, 28.5551, +70.0°C, 2, Tue Feb  5 17:42:33 2019
129700, 4569.15, 28.4252, +70.0°C, 2, Tue Feb  5 17:42:36 2019
129800, 4572.69, 28.2167, +69.0°C, 2, Tue Feb  5 17:42:40 2019
129900, 4576.22, 28.3366, +69.0°C, 2, Tue Feb  5 17:42:43 2019
130000, 4579.75, 28.3607, +69.0°C, 2, Tue Feb  5 17:42:47 2019
130100, 4583.25, 28.5388, +70.0°C, 2, Tue Feb  5 17:42:50 2019
130200, 4586.77, 28.4252, +70.0°C, 2, Tue Feb  5 17:42:54 2019
130300, 4590.31, 28.2885, +70.0°C, 2, Tue Feb  5 17:42:57 2019
130400, 4593.85, 28.2406, +70.0°C, 2, Tue Feb  5 17:43:01 2019
130500, 4597.39, 28.2646, +70.0°C, 2, Tue Feb  5 17:43:04 2019
130600, 4600.92, 28.3286, +70.0°C, 2, Tue Feb  5 17:43:08 2019
130700, 4604.46, 28.2566, +70.0°C, 2, Tue Feb  5 17:43:12 2019
130800, 4607.99, 28.2885, +69.0°C, 2, Tue Feb  5 17:43:15 2019
130900, 4611.5, 28.5063, +70.0°C, 2, Tue Feb  5 17:43:19 2019
131000, 4615.05, 28.169, +69.0°C, 2, Tue Feb  5 17:43:22 2019
131100, 4618.57, 28.393, +69.0°C, 2, Tue Feb  5 17:43:26 2019
131200, 4622.11, 28.2885, +70.0°C, 2, Tue Feb  5 17:43:29 2019
131300, 4625.64, 28.3206, +69.0°C, 2, Tue Feb  5 17:43:33 2019
131400, 4629.17, 28.3206, +69.0°C, 2, Tue Feb  5 17:43:36 2019
131500, 4632.7, 28.3527, +69.0°C, 2, Tue Feb  5 17:43:40 2019
131600, 4636.23, 28.3206, +69.0°C, 2, Tue Feb  5 17:43:43 2019
131700, 4639.75, 28.4091, +70.0°C, 2, Tue Feb  5 17:43:47 2019
131800, 4643.27, 28.4576, +70.0°C, 2, Tue Feb  5 17:43:50 2019
131900, 4646.8, 28.3126, +69.0°C, 2, Tue Feb  5 17:43:54 2019
132000, 4650.3, 28.5551, +69.0°C, 2, Tue Feb  5 17:43:57 2019
132100, 4653.82, 28.401, +69.0°C, 2, Tue Feb  5 17:44:01 2019
132200, 4657.34, 28.4495, +70.0°C, 2, Tue Feb  5 17:44:04 2019
132300, 4660.85, 28.4252, +69.0°C, 2, Tue Feb  5 17:44:08 2019
132400, 4664.39, 28.3126, +69.0°C, 2, Tue Feb  5 17:44:11 2019
132500, 4667.91, 28.4252, +70.0°C, 2, Tue Feb  5 17:44:15 2019
132600, 4671.42, 28.4333, +69.0°C, 2, Tue Feb  5 17:44:19 2019
132700, 4674.93, 28.5551, +69.0°C, 2, Tue Feb  5 17:44:22 2019
132800, 4678.46, 28.3447, +70.0°C, 2, Tue Feb  5 17:44:26 2019
132900, 4681.98, 28.4091, +70.0°C, 2, Tue Feb  5 17:44:29 2019
133000, 4685.51, 28.2965, +69.0°C, 2, Tue Feb  5 17:44:33 2019
133100, 4689.05, 28.2486, +70.0°C, 2, Tue Feb  5 17:44:36 2019
133200, 4692.6, 28.2247, +70.0°C, 2, Tue Feb  5 17:44:40 2019
133300, 4696.12, 28.401, +70.0°C, 2, Tue Feb  5 17:44:43 2019
133400, 4699.65, 28.3366, +69.0°C, 2, Tue Feb  5 17:44:47 2019
133500, 4703.18, 28.3046, +70.0°C, 2, Tue Feb  5 17:44:50 2019
133600, 4706.72, 28.2646, +70.0°C, 2, Tue Feb  5 17:44:54 2019
133700, 4710.23, 28.5144, +70.0°C, 2, Tue Feb  5 17:44:57 2019
133800, 4713.75, 28.3688, +70.0°C, 2, Tue Feb  5 17:45:01 2019
133900, 4717.27, 28.4333, +70.0°C, 2, Tue Feb  5 17:45:04 2019
134000, 4720.79, 28.4333, +70.0°C, 2, Tue Feb  5 17:45:08 2019
134100, 4724.32, 28.3206, +70.0°C, 2, Tue Feb  5 17:45:11 2019
134200, 4727.84, 28.4333, +69.0°C, 2, Tue Feb  5 17:45:15 2019
134300, 4731.37, 28.3126, +70.0°C, 2, Tue Feb  5 17:45:18 2019
134400, 4734.9, 28.3607, +70.0°C, 2, Tue Feb  5 17:45:22 2019
134500, 4738.43, 28.3126, +70.0°C, 2, Tue Feb  5 17:45:26 2019
134600, 4741.98, 28.1057, +70.0°C, 2, Tue Feb  5 17:45:29 2019
134700, 4745.51, 28.4091, +70.0°C, 2, Tue Feb  5 17:45:33 2019
134800, 4749.04, 28.2965, +69.0°C, 2, Tue Feb  5 17:45:36 2019
134900, 4752.57, 28.3126, +70.0°C, 2, Tue Feb  5 17:45:40 2019
135000, 4756.1, 28.3447, +70.0°C, 2, Tue Feb  5 17:45:43 2019
135100, 4759.64, 28.2885, +70.0°C, 2, Tue Feb  5 17:45:47 2019
135200, 4763.18, 28.1928, +70.0°C, 2, Tue Feb  5 17:45:50 2019
135300, 4766.71, 28.3366, +70.0°C, 2, Tue Feb  5 17:45:54 2019
135400, 4770.25, 28.2646, +69.0°C, 2, Tue Feb  5 17:45:57 2019
135500, 4773.77, 28.3849, +70.0°C, 2, Tue Feb  5 17:46:01 2019
135600, 4777.29, 28.4576, +70.0°C, 2, Tue Feb  5 17:46:04 2019
135700, 4780.82, 28.3126, +69.0°C, 2, Tue Feb  5 17:46:08 2019
135800, 4784.37, 28.1611, +70.0°C, 2, Tue Feb  5 17:46:11 2019
135900, 4787.91, 28.2805, +70.0°C, 2, Tue Feb  5 17:46:15 2019
136000, 4791.43, 28.4495, +70.0°C, 2, Tue Feb  5 17:46:19 2019
136100, 4794.96, 28.2885, +69.0°C, 2, Tue Feb  5 17:46:22 2019
136200, 4798.5, 28.2486, +69.0°C, 2, Tue Feb  5 17:46:26 2019
136300, 4802.02, 28.401, +69.0°C, 2, Tue Feb  5 17:46:29 2019
136400, 4805.56, 28.2885, +70.0°C, 2, Tue Feb  5 17:46:33 2019
136500, 4809.08, 28.3768, +70.0°C, 2, Tue Feb  5 17:46:36 2019
136600, 4812.62, 28.3046, +70.0°C, 2, Tue Feb  5 17:46:40 2019
136700, 4816.15, 28.2725, +70.0°C, 2, Tue Feb  5 17:46:43 2019
136800, 4819.69, 28.2725, +70.0°C, 2, Tue Feb  5 17:46:47 2019
136900, 4823.24, 28.169, +70.0°C, 2, Tue Feb  5 17:46:50 2019
137000, 4826.77, 28.3607, +69.0°C, 2, Tue Feb  5 17:46:54 2019
137100, 4830.3, 28.3527, +69.0°C, 2, Tue Feb  5 17:46:57 2019
137200, 4833.81, 28.4495, +70.0°C, 2, Tue Feb  5 17:47:01 2019
137300, 4837.34, 28.3527, +70.0°C, 2, Tue Feb  5 17:47:04 2019
137400, 4840.88, 28.2805, +70.0°C, 2, Tue Feb  5 17:47:08 2019
137500, 4844.41, 28.3286, +70.0°C, 2, Tue Feb  5 17:47:11 2019
137600, 4847.95, 28.1928, +69.0°C, 2, Tue Feb  5 17:47:15 2019
137700, 4851.49, 28.2406, +69.0°C, 2, Tue Feb  5 17:47:19 2019
137800, 4855.02, 28.401, +70.0°C, 2, Tue Feb  5 17:47:22 2019
137900, 4858.54, 28.3527, +70.0°C, 2, Tue Feb  5 17:47:26 2019
138000, 4862.07, 28.3366, +69.0°C, 2, Tue Feb  5 17:47:29 2019
138100, 4865.59, 28.4252, +70.0°C, 2, Tue Feb  5 17:47:33 2019
138200, 4869.13, 28.2805, +69.0°C, 2, Tue Feb  5 17:47:36 2019
138300, 4872.71, 27.9408, +70.0°C, 2, Tue Feb  5 17:47:40 2019
138400, 4876.29, 27.9252, +69.0°C, 2, Tue Feb  5 17:47:43 2019
138500, 4879.87, 27.9408, +70.0°C, 2, Tue Feb  5 17:47:47 2019
138600, 4883.46, 27.8629, +70.0°C, 2, Tue Feb  5 17:47:51 2019
138700, 4887.03, 28.0112, +70.0°C, 2, Tue Feb  5 17:47:54 2019
138800, 4890.64, 27.7008, +70.0°C, 2, Tue Feb  5 17:47:58 2019
138900, 4894.25, 27.7162, +70.0°C, 2, Tue Feb  5 17:48:01 2019
139000, 4897.88, 27.571, +69.0°C, 2, Tue Feb  5 17:48:05 2019
139100, 4901.47, 27.8396, +70.0°C, 2, Tue Feb  5 17:48:09 2019
139200, 4905.11, 27.4725, +69.0°C, 2, Tue Feb  5 17:48:12 2019
